-183.800, 80.200, 0.000,  0.000
-183.800, 80.200, 0.000,  0.016
-183.800, 80.200, 0.000,  0.049
-183.800, 80.200, 0.000,  0.082
-183.800, 80.200, -0.013,  0.115
-183.800, 80.199, 0.023,  0.148
-183.800, 80.198, 0.019,  0.181
-183.800, 80.197, 0.018,  0.214
-183.800, 80.197, 0.019,  0.247
-183.799, 80.194, 0.065,  0.280
-183.798, 80.191, 0.101,  0.313
-183.797, 80.185, 0.166,  0.346
-183.795, 80.178, 0.183,  0.379
-183.793, 80.170, 0.263,  0.412
-183.790, 80.159, 0.326,  0.445
-183.788, 80.148, 0.334,  0.478
-183.785, 80.135, 0.354,  0.511
-183.781, 80.122, 0.410,  0.544
-183.778, 80.107, 0.463,  0.577
-183.773, 80.092, 0.492,  0.610
-183.769, 80.074, 0.528,  0.643
-183.764, 80.056, 0.550,  0.676
-183.759, 80.037, 0.589,  0.709
-183.753, 80.016, 0.627,  0.742
-183.747, 79.994, 0.652,  0.775
-183.741, 79.972, 0.693,  0.808
-183.735, 79.948, 0.724,  0.841
-183.728, 79.924, 0.759,  0.874
-183.721, 79.899, 0.767,  0.907
-183.714, 79.873, 0.771,  0.940
-183.706, 79.848, 0.775,  0.973
-183.699, 79.823, 0.783,  1.006
-183.691, 79.798, 0.787,  1.039
-183.683, 79.772, 0.799,  1.072
-183.675, 79.746, 0.806,  1.105
-183.667, 79.719, 0.819,  1.138
-183.658, 79.693, 0.827,  1.171
-183.649, 79.666, 0.840,  1.204
-183.640, 79.638, 0.850,  1.237
-183.631, 79.611, 0.862,  1.270
-183.621, 79.583, 0.873,  1.303
-183.611, 79.554, 0.883,  1.336
-183.601, 79.526, 0.894,  1.369
-183.591, 79.497, 0.904,  1.402
-183.580, 79.468, 0.913,  1.435
-183.569, 79.438, 0.923,  1.468
-183.558, 79.409, 0.932,  1.501
-183.547, 79.379, 0.940,  1.534
-183.535, 79.349, 0.948,  1.567
-183.523, 79.319, 0.956,  1.600
-183.511, 79.288, 0.966,  1.633
-183.498, 79.257, 0.972,  1.666
-183.486, 79.227, 0.981,  1.699
-183.473, 79.196, 0.986,  1.732
-183.459, 79.165, 0.995,  1.765
-183.446, 79.134, 0.998,  1.798
-183.432, 79.102, 1.006,  1.831
-183.418, 79.071, 1.009,  1.864
-183.404, 79.040, 1.017,  1.897
-183.391, 79.007, 1.039,  1.930
-183.378, 78.974, 1.049,  1.963
-183.366, 78.941, 1.055,  1.996
-183.353, 78.908, 1.060,  2.029
-183.340, 78.875, 1.065,  2.062
-183.327, 78.841, 1.068,  2.095
-183.314, 78.808, 1.072,  2.128
-183.301, 78.774, 1.075,  2.161
-183.287, 78.741, 1.078,  2.194
-183.273, 78.707, 1.081,  2.227
-183.259, 78.674, 1.084,  2.260
-183.245, 78.640, 1.087,  2.293
-183.231, 78.606, 1.089,  2.326
-183.217, 78.573, 1.092,  2.359
-183.202, 78.539, 1.095,  2.392
-183.188, 78.505, 1.098,  2.425
-183.173, 78.471, 1.101,  2.458
-183.158, 78.437, 1.104,  2.491
-183.142, 78.404, 1.107,  2.524
-183.127, 78.370, 1.110,  2.557
-183.111, 78.336, 1.113,  2.590
-183.095, 78.302, 1.117,  2.623
-183.079, 78.268, 1.120,  2.656
-183.063, 78.234, 1.124,  2.689
-183.047, 78.200, 1.127,  2.722
-183.030, 78.165, 1.131,  2.755
-183.013, 78.131, 1.135,  2.788
-182.996, 78.097, 1.138,  2.821
-182.979, 78.063, 1.143,  2.854
-182.962, 78.028, 1.148,  2.887
-182.946, 77.993, 1.161,  2.920
-182.930, 77.957, 1.166,  2.953
-182.915, 77.921, 1.171,  2.986
-182.900, 77.885, 1.175,  3.019
-182.884, 77.849, 1.178,  3.052
-182.869, 77.813, 1.182,  3.085
-182.853, 77.777, 1.186,  3.118
-182.837, 77.740, 1.189,  3.151
-182.821, 77.704, 1.193,  3.184
-182.805, 77.667, 1.196,  3.217
-182.789, 77.631, 1.200,  3.250
-182.773, 77.594, 1.204,  3.283
-182.757, 77.557, 1.207,  3.316
-182.740, 77.520, 1.211,  3.349
-182.724, 77.483, 1.215,  3.382
-182.707, 77.446, 1.219,  3.415
-182.690, 77.409, 1.222,  3.448
-182.673, 77.372, 1.226,  3.481
-182.656, 77.335, 1.230,  3.514
-182.639, 77.297, 1.234,  3.547
-182.621, 77.260, 1.238,  3.580
-182.604, 77.222, 1.242,  3.613
-182.586, 77.185, 1.247,  3.646
-182.568, 77.147, 1.251,  3.679
-182.550, 77.109, 1.255,  3.712
-182.532, 77.071, 1.260,  3.745
-182.515, 77.033, 1.264,  3.778
-182.497, 76.995, 1.269,  3.811
-182.480, 76.956, 1.274,  3.844
-182.464, 76.916, 1.278,  3.877
-182.448, 76.876, 1.283,  3.910
-182.432, 76.837, 1.287,  3.943
-182.416, 76.797, 1.291,  3.976
-182.400, 76.757, 1.296,  4.009
-182.384, 76.716, 1.300,  4.042
-182.368, 76.676, 1.304,  4.075
-182.352, 76.636, 1.309,  4.108
-182.336, 76.595, 1.313,  4.141
-182.320, 76.554, 1.318,  4.174
-182.303, 76.513, 1.322,  4.207
-182.287, 76.472, 1.327,  4.240
-182.271, 76.431, 1.331,  4.273
-182.254, 76.390, 1.336,  4.306
-182.238, 76.348, 1.340,  4.339
-182.221, 76.306, 1.345,  4.372
-182.205, 76.265, 1.349,  4.405
-182.188, 76.223, 1.354,  4.438
-182.172, 76.181, 1.359,  4.471
-182.155, 76.138, 1.363,  4.504
-182.138, 76.096, 1.368,  4.537
-182.122, 76.053, 1.372,  4.570
-182.105, 76.010, 1.377,  4.603
-182.090, 75.967, 1.379,  4.636
-182.075, 75.924, 1.383,  4.669
-182.060, 75.880, 1.387,  4.702
-182.045, 75.836, 1.392,  4.735
-182.030, 75.791, 1.397,  4.768
-182.016, 75.747, 1.402,  4.801
-182.001, 75.702, 1.407,  4.834
-181.986, 75.658, 1.412,  4.867
-181.972, 75.613, 1.417,  4.900
-181.957, 75.568, 1.422,  4.933
-181.943, 75.522, 1.427,  4.966
-181.928, 75.477, 1.432,  4.999
-181.914, 75.431, 1.437,  5.032
-181.899, 75.385, 1.442,  5.065
-181.885, 75.339, 1.447,  5.098
-181.871, 75.293, 1.452,  5.131
-181.857, 75.246, 1.457,  5.164
-181.842, 75.200, 1.462,  5.197
-181.828, 75.153, 1.467,  5.230
-181.814, 75.106, 1.472,  5.263
-181.800, 75.058, 1.477,  5.296
-181.786, 75.011, 1.482,  5.329
-181.772, 74.963, 1.487,  5.362
-181.759, 74.915, 1.489,  5.395
-181.747, 74.867, 1.494,  5.428
-181.734, 74.818, 1.499,  5.461
-181.721, 74.770, 1.504,  5.494
-181.709, 74.721, 1.509,  5.527
-181.697, 74.672, 1.514,  5.560
-181.684, 74.622, 1.520,  5.593
-181.672, 74.573, 1.525,  5.626
-181.660, 74.523, 1.530,  5.659
-181.648, 74.473, 1.536,  5.692
-181.637, 74.423, 1.541,  5.725
-181.625, 74.373, 1.546,  5.758
-181.614, 74.322, 1.552,  5.791
-181.602, 74.271, 1.557,  5.824
-181.591, 74.220, 1.562,  5.857
-181.580, 74.169, 1.568,  5.890
-181.569, 74.118, 1.573,  5.923
-181.558, 74.066, 1.578,  5.956
-181.547, 74.014, 1.584,  5.989
-181.536, 73.962, 1.589,  6.022
-181.526, 73.910, 1.594,  6.055
-181.516, 73.858, 1.599,  6.088
-181.506, 73.805, 1.604,  6.121
-181.496, 73.752, 1.610,  6.154
-181.487, 73.699, 1.615,  6.187
-181.477, 73.645, 1.621,  6.220
-181.468, 73.592, 1.626,  6.253
-181.458, 73.538, 1.632,  6.286
-181.449, 73.484, 1.637,  6.319
-181.441, 73.430, 1.643,  6.352
-181.432, 73.375, 1.648,  6.385
-181.423, 73.321, 1.654,  6.418
-181.415, 73.266, 1.659,  6.451
-181.407, 73.211, 1.665,  6.484
-181.399, 73.156, 1.670,  6.517
-181.391, 73.100, 1.676,  6.550
-181.383, 73.044, 1.681,  6.583
-181.376, 72.989, 1.687,  6.616
-181.369, 72.932, 1.692,  6.649
-181.361, 72.876, 1.699,  6.682
-181.354, 72.820, 1.705,  6.715
-181.347, 72.763, 1.711,  6.748
-181.340, 72.706, 1.716,  6.781
-181.333, 72.649, 1.722,  6.814
-181.327, 72.591, 1.728,  6.847
-181.320, 72.534, 1.733,  6.880
-181.314, 72.476, 1.739,  6.913
-181.308, 72.418, 1.745,  6.946
-181.302, 72.360, 1.750,  6.979
-181.297, 72.301, 1.756,  7.012
-181.291, 72.243, 1.762,  7.045
-181.286, 72.184, 1.767,  7.078
-181.281, 72.125, 1.773,  7.111
-181.276, 72.065, 1.779,  7.144
-181.272, 72.006, 1.785,  7.177
-181.267, 71.946, 1.790,  7.210
-181.262, 71.886, 1.798,  7.243
-181.258, 71.826, 1.804,  7.276
-181.253, 71.766, 1.810,  7.309
-181.249, 71.705, 1.816,  7.342
-181.245, 71.645, 1.822,  7.375
-181.241, 71.584, 1.828,  7.408
-181.237, 71.523, 1.834,  7.441
-181.233, 71.461, 1.840,  7.474
-181.230, 71.400, 1.846,  7.507
-181.226, 71.338, 1.851,  7.540
-181.223, 71.276, 1.857,  7.573
-181.221, 71.214, 1.863,  7.606
-181.218, 71.152, 1.869,  7.639
-181.215, 71.089, 1.875,  7.672
-181.213, 71.026, 1.881,  7.705
-181.211, 70.963, 1.887,  7.738
-181.209, 70.900, 1.893,  7.771
-181.207, 70.837, 1.901,  7.804
-181.205, 70.773, 1.908,  7.837
-181.202, 70.709, 1.914,  7.870
-181.200, 70.645, 1.920,  7.903
-181.199, 70.581, 1.926,  7.936
-181.197, 70.516, 1.932,  7.969
-181.195, 70.452, 1.938,  8.002
-181.194, 70.387, 1.945,  8.035
-181.193, 70.322, 1.951,  8.068
-181.192, 70.256, 1.957,  8.101
-181.191, 70.191, 1.963,  8.134
-181.190, 70.125, 1.969,  8.167
-181.190, 70.059, 1.975,  8.200
-181.190, 69.993, 1.981,  8.233
-181.190, 69.927, 1.988,  8.266
-181.190, 69.860, 1.994,  8.299
-181.189, 69.794, 2.002,  8.332
-181.189, 69.727, 2.009,  8.365
-181.188, 69.659, 2.015,  8.398
-181.188, 69.592, 2.022,  8.431
-181.188, 69.524, 2.028,  8.464
-181.188, 69.457, 2.034,  8.497
-181.188, 69.389, 2.041,  8.530
-181.189, 69.320, 2.047,  8.563
-181.189, 69.252, 2.053,  8.596
-181.190, 69.183, 2.060,  8.629
-181.191, 69.114, 2.066,  8.662
-181.191, 69.045, 2.073,  8.695
-181.193, 68.976, 2.079,  8.728
-181.194, 68.906, 2.086,  8.761
-181.195, 68.837, 2.092,  8.794
-181.196, 68.767, 2.100,  8.827
-181.197, 68.696, 2.107,  8.860
-181.198, 68.626, 2.113,  8.893
-181.199, 68.555, 2.120,  8.926
-181.200, 68.484, 2.127,  8.959
-181.201, 68.413, 2.133,  8.992
-181.202, 68.342, 2.140,  9.025
-181.204, 68.270, 2.147,  9.058
-181.205, 68.199, 2.153,  9.091
-181.207, 68.127, 2.160,  9.124
-181.209, 68.055, 2.167,  9.157
-181.211, 67.982, 2.174,  9.190
-181.213, 67.910, 2.180,  9.223
-181.215, 67.837, 2.187,  9.256
-181.217, 67.764, 2.195,  9.289
-181.218, 67.690, 2.202,  9.322
-181.220, 67.617, 2.209,  9.355
-181.222, 67.543, 2.215,  9.388
-181.223, 67.469, 2.222,  9.421
-181.225, 67.395, 2.229,  9.454
-181.227, 67.320, 2.236,  9.487
-181.229, 67.245, 2.243,  9.520
-181.231, 67.170, 2.250,  9.553
-181.234, 67.095, 2.257,  9.586
-181.236, 67.020, 2.264,  9.619
-181.238, 66.944, 2.271,  9.652
-181.241, 66.868, 2.278,  9.685
-181.243, 66.792, 2.285,  9.718
-181.245, 66.716, 2.293,  9.751
-181.247, 66.639, 2.300,  9.784
-181.250, 66.563, 2.307,  9.817
-181.252, 66.486, 2.314,  9.850
-181.254, 66.408, 2.321,  9.883
-181.256, 66.331, 2.328,  9.916
-181.258, 66.253, 2.336,  9.949
-181.261, 66.175, 2.343,  9.982
-181.263, 66.097, 2.350, 10.015
-181.265, 66.018, 2.357, 10.048
-181.268, 65.939, 2.364, 10.081
-181.270, 65.860, 2.372, 10.114
-181.273, 65.781, 2.379, 10.147
-181.276, 65.702, 2.386, 10.180
-181.278, 65.622, 2.394, 10.213
-181.280, 65.542, 2.401, 10.246
-181.282, 65.462, 2.408, 10.279
-181.285, 65.382, 2.416, 10.312
-181.287, 65.301, 2.423, 10.345
-181.289, 65.220, 2.431, 10.378
-181.291, 65.139, 2.438, 10.411
-181.294, 65.057, 2.445, 10.444
-181.296, 64.976, 2.453, 10.477
-181.298, 64.894, 2.460, 10.510
-181.301, 64.812, 2.468, 10.543
-181.303, 64.729, 2.476, 10.576
-181.305, 64.646, 2.483, 10.609
-181.307, 64.564, 2.491, 10.642
-181.309, 64.480, 2.498, 10.675
-181.312, 64.397, 2.506, 10.708
-181.314, 64.313, 2.514, 10.741
-181.316, 64.229, 2.521, 10.774
-181.318, 64.145, 2.529, 10.807
-181.320, 64.061, 2.537, 10.840
-181.322, 63.976, 2.545, 10.873
-181.324, 63.891, 2.553, 10.906
-181.326, 63.806, 2.560, 10.939
-181.328, 63.720, 2.568, 10.972
-181.330, 63.634, 2.576, 11.005
-181.332, 63.548, 2.584, 11.038
-181.334, 63.462, 2.592, 11.071
-181.336, 63.375, 2.600, 11.104
-181.338, 63.288, 2.608, 11.137
-181.340, 63.201, 2.616, 11.170
-181.341, 63.114, 2.624, 11.203
-181.343, 63.026, 2.632, 11.236
-181.345, 62.938, 2.640, 11.269
-181.347, 62.850, 2.648, 11.302
-181.348, 62.762, 2.656, 11.335
-181.350, 62.673, 2.664, 11.368
-181.352, 62.584, 2.672, 11.401
-181.353, 62.495, 2.680, 11.434
-181.355, 62.405, 2.688, 11.467
-181.357, 62.316, 2.696, 11.500
-181.358, 62.226, 2.704, 11.533
-181.359, 62.135, 2.713, 11.566
-181.361, 62.045, 2.721, 11.599
-181.362, 61.954, 2.729, 11.632
-181.364, 61.863, 2.738, 11.665
-181.365, 61.771, 2.746, 11.698
-181.367, 61.679, 2.755, 11.731
-181.368, 61.587, 2.763, 11.764
-181.369, 61.495, 2.771, 11.797
-181.370, 61.402, 2.780, 11.830
-181.372, 61.310, 2.789, 11.863
-181.373, 61.216, 2.797, 11.896
-181.374, 61.123, 2.806, 11.929
-181.375, 61.029, 2.814, 11.962
-181.376, 60.935, 2.823, 11.995
-181.377, 60.841, 2.832, 12.028
-181.378, 60.746, 2.841, 12.061
-181.379, 60.651, 2.849, 12.094
-181.380, 60.556, 2.858, 12.127
-181.381, 60.461, 2.867, 12.160
-181.382, 60.365, 2.876, 12.193
-181.383, 60.269, 2.885, 12.226
-181.384, 60.172, 2.894, 12.259
-181.385, 60.076, 2.903, 12.292
-181.385, 59.979, 2.912, 12.325
-181.386, 59.881, 2.921, 12.358
-181.387, 59.784, 2.930, 12.391
-181.388, 59.686, 2.939, 12.424
-181.388, 59.588, 2.948, 12.457
-181.389, 59.489, 2.957, 12.490
-181.390, 59.391, 2.966, 12.523
-181.390, 59.291, 2.975, 12.556
-181.391, 59.192, 2.985, 12.589
-181.392, 59.092, 2.994, 12.622
-181.392, 58.992, 3.003, 12.655
-181.393, 58.892, 3.013, 12.688
-181.393, 58.791, 3.022, 12.721
-181.394, 58.690, 3.031, 12.754
-181.394, 58.589, 3.041, 12.787
-181.394, 58.487, 3.050, 12.820
-181.395, 58.386, 3.060, 12.853
-181.395, 58.283, 3.069, 12.886
-181.396, 58.181, 3.079, 12.919
-181.396, 58.078, 3.088, 12.952
-181.396, 57.975, 3.098, 12.985
-181.397, 57.871, 3.108, 13.018
-181.397, 57.767, 3.117, 13.051
-181.397, 57.663, 3.127, 13.084
-181.397, 57.559, 3.137, 13.117
-181.398, 57.454, 3.147, 13.150
-181.398, 57.349, 3.156, 13.183
-181.398, 57.243, 3.166, 13.216
-181.398, 57.138, 3.176, 13.249
-181.398, 57.031, 3.186, 13.282
-181.399, 56.925, 3.196, 13.315
-181.399, 56.818, 3.206, 13.348
-181.399, 56.711, 3.216, 13.381
-181.399, 56.604, 3.226, 13.414
-181.399, 56.496, 3.236, 13.447
-181.399, 56.388, 3.246, 13.480
-181.399, 56.279, 3.257, 13.513
-181.399, 56.170, 3.267, 13.546
-181.399, 56.061, 3.277, 13.579
-181.399, 55.952, 3.287, 13.612
-181.399, 55.842, 3.298, 13.645
-181.399, 55.732, 3.308, 13.678
-181.399, 55.621, 3.318, 13.711
-181.399, 55.510, 3.329, 13.744
-181.399, 55.399, 3.339, 13.777
-181.399, 55.288, 3.350, 13.810
-181.399, 55.176, 3.360, 13.843
-181.399, 55.063, 3.371, 13.876
-181.399, 54.951, 3.381, 13.909
-181.399, 54.838, 3.392, 13.942
-181.399, 54.724, 3.403, 13.975
-181.399, 54.611, 3.413, 14.008
-181.399, 54.497, 3.424, 14.041
-181.399, 54.382, 3.435, 14.074
-181.399, 54.268, 3.446, 14.107
-181.399, 54.152, 3.456, 14.140
-181.399, 54.037, 3.467, 14.173
-181.399, 53.921, 3.478, 14.206
-181.399, 53.805, 3.489, 14.239
-181.399, 53.688, 3.500, 14.272
-181.398, 53.571, 3.511, 14.305
-181.398, 53.454, 3.522, 14.338
-181.398, 53.336, 3.534, 14.371
-181.398, 53.218, 3.545, 14.404
-181.398, 53.100, 3.556, 14.437
-181.398, 52.981, 3.567, 14.470
-181.398, 52.862, 3.578, 14.503
-181.398, 52.742, 3.590, 14.536
-181.398, 52.622, 3.601, 14.569
-181.397, 52.502, 3.612, 14.602
-181.397, 52.381, 3.624, 14.635
-181.397, 52.260, 3.635, 14.668
-181.397, 52.139, 3.647, 14.701
-181.397, 52.017, 3.658, 14.734
-181.397, 51.895, 3.670, 14.767
-181.397, 51.772, 3.682, 14.800
-181.397, 51.649, 3.693, 14.833
-181.396, 51.526, 3.705, 14.866
-181.396, 51.402, 3.717, 14.899
-181.396, 51.278, 3.728, 14.932
-181.396, 51.153, 3.740, 14.965
-181.396, 51.028, 3.752, 14.998
-181.396, 50.903, 3.764, 15.031
-181.396, 50.777, 3.776, 15.064
-181.396, 50.651, 3.788, 15.097
-181.396, 50.524, 3.800, 15.130
-181.396, 50.397, 3.812, 15.163
-181.395, 50.270, 3.824, 15.196
-181.395, 50.142, 3.836, 15.229
-181.395, 50.014, 3.849, 15.262
-181.395, 49.885, 3.861, 15.295
-181.395, 49.756, 3.873, 15.328
-181.395, 49.627, 3.885, 15.361
-181.395, 49.497, 3.898, 15.394
-181.395, 49.367, 3.910, 15.427
-181.395, 49.236, 3.922, 15.460
-181.395, 49.105, 3.935, 15.493
-181.395, 48.974, 3.947, 15.526
-181.395, 48.842, 3.959, 15.559
-181.395, 48.709, 3.971, 15.592
-181.394, 48.577, 3.983, 15.625
-181.394, 48.444, 3.994, 15.658
-181.394, 48.310, 4.006, 15.691
-181.394, 48.177, 4.017, 15.724
-181.394, 48.042, 4.029, 15.757
-181.394, 47.908, 4.040, 15.790
-181.394, 47.773, 4.051, 15.823
-181.394, 47.638, 4.063, 15.856
-181.394, 47.502, 4.074, 15.889
-181.394, 47.366, 4.085, 15.922
-181.394, 47.229, 4.096, 15.955
-181.394, 47.092, 4.107, 15.988
-181.394, 46.955, 4.118, 16.021
-181.394, 46.818, 4.129, 16.054
-181.394, 46.680, 4.140, 16.087
-181.394, 46.542, 4.151, 16.120
-181.394, 46.403, 4.162, 16.153
-181.394, 46.264, 4.174, 16.186
-181.394, 46.125, 4.185, 16.219
-181.394, 45.985, 4.196, 16.252
-181.394, 45.845, 4.207, 16.285
-181.394, 45.704, 4.218, 16.318
-181.394, 45.563, 4.229, 16.351
-181.394, 45.422, 4.241, 16.384
-181.394, 45.280, 4.252, 16.417
-181.394, 45.138, 4.263, 16.450
-181.394, 44.996, 4.275, 16.483
-181.394, 44.853, 4.286, 16.516
-181.394, 44.710, 4.297, 16.549
-181.394, 44.566, 4.309, 16.582
-181.394, 44.423, 4.320, 16.615
-181.394, 44.278, 4.332, 16.648
-181.394, 44.134, 4.343, 16.681
-181.394, 43.988, 4.355, 16.714
-181.394, 43.843, 4.367, 16.747
-181.394, 43.697, 4.378, 16.780
-181.394, 43.551, 4.390, 16.813
-181.394, 43.404, 4.402, 16.846
-181.394, 43.257, 4.413, 16.879
-181.394, 43.110, 4.425, 16.912
-181.394, 42.962, 4.437, 16.945
-181.394, 42.814, 4.449, 16.978
-181.394, 42.665, 4.461, 17.011
-181.394, 42.516, 4.473, 17.044
-181.394, 42.367, 4.485, 17.077
-181.394, 42.217, 4.497, 17.110
-181.394, 42.067, 4.509, 17.143
-181.394, 41.916, 4.521, 17.176
-181.394, 41.765, 4.533, 17.209
-181.394, 41.614, 4.545, 17.242
-181.394, 41.462, 4.558, 17.275
-181.394, 41.310, 4.570, 17.308
-181.394, 41.157, 4.582, 17.341
-181.394, 41.004, 4.595, 17.374
-181.394, 40.851, 4.607, 17.407
-181.394, 40.697, 4.619, 17.440
-181.394, 40.542, 4.632, 17.473
-181.394, 40.388, 4.644, 17.506
-181.394, 40.233, 4.657, 17.539
-181.394, 40.077, 4.669, 17.572
-181.393, 39.921, 4.682, 17.605
-181.393, 39.765, 4.695, 17.638
-181.393, 39.608, 4.707, 17.671
-181.393, 39.451, 4.720, 17.704
-181.393, 39.293, 4.733, 17.737
-181.393, 39.135, 4.746, 17.770
-181.393, 38.976, 4.758, 17.803
-181.393, 38.818, 4.771, 17.836
-181.393, 38.658, 4.784, 17.869
-181.393, 38.498, 4.797, 17.902
-181.393, 38.338, 4.810, 17.935
-181.393, 38.177, 4.823, 17.968
-181.393, 38.016, 4.836, 18.001
-181.393, 37.855, 4.850, 18.034
-181.393, 37.693, 4.863, 18.067
-181.393, 37.530, 4.876, 18.100
-181.393, 37.367, 4.889, 18.133
-181.393, 37.204, 4.902, 18.166
-181.393, 37.040, 4.916, 18.199
-181.393, 36.876, 4.929, 18.232
-181.393, 36.712, 4.943, 18.265
-181.392, 36.546, 4.956, 18.298
-181.392, 36.381, 4.970, 18.331
-181.392, 36.215, 4.983, 18.364
-181.392, 36.049, 4.997, 18.397
-181.392, 35.882, 5.010, 18.430
-181.392, 35.714, 5.024, 18.463
-181.392, 35.546, 5.038, 18.496
-181.392, 35.378, 5.052, 18.529
-181.392, 35.209, 5.065, 18.562
-181.392, 35.040, 5.079, 18.595
-181.392, 34.871, 5.092, 18.628
-181.392, 34.701, 5.095, 18.661
-181.391, 34.532, 5.077, 18.694
-181.391, 34.363, 5.058, 18.727
-181.391, 34.195, 5.043, 18.760
-181.391, 34.028, 5.032, 18.793
-181.391, 33.860, 5.025, 18.826
-181.391, 33.693, 5.021, 18.859
-181.391, 33.526, 5.021, 18.892
-181.391, 33.358, 5.025, 18.925
-181.391, 33.190, 5.032, 18.958
-181.390, 33.022, 5.041, 18.991
-181.390, 32.854, 5.054, 19.024
-181.390, 32.685, 5.069, 19.057
-181.390, 32.515, 5.086, 19.090
-181.390, 32.345, 5.105, 19.123
-181.390, 32.174, 5.126, 19.156
-181.390, 32.003, 5.148, 19.189
-181.390, 31.830, 5.172, 19.222
-181.390, 31.657, 5.196, 19.255
-181.389, 31.483, 5.221, 19.288
-181.389, 31.309, 5.246, 19.321
-181.389, 31.133, 5.272, 19.354
-181.389, 30.957, 5.297, 19.387
-181.389, 30.779, 5.322, 19.420
-181.389, 30.601, 5.347, 19.453
-181.388, 30.422, 5.371, 19.486
-181.388, 30.243, 5.395, 19.519
-181.388, 30.062, 5.419, 19.552
-181.388, 29.881, 5.441, 19.585
-181.388, 29.699, 5.463, 19.618
-181.388, 29.516, 5.485, 19.651
-181.387, 29.333, 5.505, 19.684
-181.387, 29.149, 5.525, 19.717
-181.387, 28.965, 5.545, 19.750
-181.387, 28.779, 5.564, 19.783
-181.387, 28.593, 5.582, 19.816
-181.387, 28.407, 5.600, 19.849
-181.386, 28.220, 5.617, 19.882
-181.386, 28.032, 5.634, 19.915
-181.386, 27.844, 5.651, 19.948
-181.386, 27.656, 5.667, 19.981
-181.386, 27.466, 5.683, 20.014
-181.385, 27.277, 5.699, 20.047
-181.385, 27.086, 5.714, 20.080
-181.385, 26.895, 5.730, 20.113
-181.385, 26.704, 5.746, 20.146
-181.385, 26.512, 5.761, 20.179
-181.384, 26.320, 5.777, 20.212
-181.384, 26.127, 5.792, 20.245
-181.384, 25.934, 5.808, 20.278
-181.384, 25.740, 5.823, 20.311
-181.383, 25.545, 5.839, 20.344
-181.383, 25.350, 5.855, 20.377
-181.383, 25.155, 5.871, 20.410
-181.383, 24.959, 5.887, 20.443
-181.382, 24.762, 5.903, 20.476
-181.382, 24.565, 5.920, 20.509
-181.382, 24.367, 5.936, 20.542
-181.382, 24.169, 5.953, 20.575
-181.381, 23.970, 5.970, 20.608
-181.381, 23.771, 5.987, 20.641
-181.381, 23.571, 6.004, 20.674
-181.381, 23.370, 6.021, 20.707
-181.380, 23.169, 6.039, 20.740
-181.380, 22.968, 6.056, 20.773
-181.380, 22.765, 6.074, 20.806
-181.379, 22.563, 6.092, 20.839
-181.379, 22.359, 6.109, 20.872
-181.379, 22.155, 6.127, 20.905
-181.379, 21.950, 6.145, 20.938
-181.378, 21.745, 6.164, 20.971
-181.378, 21.539, 6.182, 21.004
-181.378, 21.333, 6.200, 21.037
-181.377, 21.126, 6.218, 21.070
-181.377, 20.918, 6.237, 21.103
-181.377, 20.710, 6.255, 21.136
-181.376, 20.501, 6.274, 21.169
-181.376, 20.291, 6.292, 21.202
-181.376, 20.081, 6.311, 21.235
-181.375, 19.870, 6.329, 21.268
-181.375, 19.659, 6.348, 21.301
-181.375, 19.447, 6.367, 21.334
-181.374, 19.234, 6.385, 21.367
-181.374, 19.021, 6.404, 21.400
-181.374, 18.807, 6.423, 21.433
-181.373, 18.593, 6.442, 21.466
-181.373, 18.378, 6.461, 21.499
-181.373, 18.162, 6.480, 21.532
-181.372, 17.945, 6.499, 21.565
-181.372, 17.728, 6.518, 21.598
-181.371, 17.511, 6.537, 21.631
-181.371, 17.292, 6.557, 21.664
-181.371, 17.073, 6.576, 21.697
-181.370, 16.854, 6.595, 21.730
-181.370, 16.633, 6.615, 21.763
-181.369, 16.413, 6.634, 21.796
-181.369, 16.191, 6.654, 21.829
-181.369, 15.969, 6.673, 21.862
-181.368, 15.746, 6.693, 21.895
-181.368, 15.522, 6.713, 21.928
-181.367, 15.298, 6.732, 21.961
-181.367, 15.073, 6.752, 21.994
-181.367, 14.848, 6.772, 22.027
-181.366, 14.622, 6.792, 22.060
-181.366, 14.395, 6.812, 22.093
-181.365, 14.167, 6.832, 22.126
-181.365, 13.939, 6.852, 22.159
-181.364, 13.710, 6.871, 22.192
-181.364, 13.481, 6.891, 22.225
-181.363, 13.251, 6.911, 22.258
-181.363, 13.020, 6.930, 22.291
-181.363, 12.788, 6.950, 22.324
-181.362, 12.556, 6.970, 22.357
-181.362, 12.324, 6.990, 22.390
-181.361, 12.090, 7.010, 22.423
-181.361, 11.856, 7.029, 22.456
-181.360, 11.621, 7.050, 22.489
-181.360, 11.386, 7.070, 22.522
-181.359, 11.150, 7.090, 22.555
-181.359, 10.913, 7.110, 22.588
-181.358, 10.675, 7.131, 22.621
-181.358, 10.437, 7.151, 22.654
-181.357, 10.198, 7.172, 22.687
-181.357, 9.959, 7.192, 22.720
-181.356, 9.719, 7.213, 22.753
-181.356, 9.478, 7.234, 22.786
-181.355, 9.236, 7.255, 22.819
-181.354, 8.994, 7.276, 22.852
-181.354, 8.751, 7.297, 22.885
-181.353, 8.507, 7.318, 22.918
-181.353, 8.262, 7.340, 22.951
-181.352, 8.017, 7.361, 22.984
-181.352, 7.771, 7.383, 23.017
-181.351, 7.525, 7.404, 23.050
-181.351, 7.278, 7.426, 23.083
-181.350, 7.029, 7.447, 23.116
-181.349, 6.781, 7.469, 23.149
-181.349, 6.531, 7.491, 23.182
-181.348, 6.281, 7.513, 23.215
-181.348, 6.030, 7.534, 23.248
-181.347, 5.778, 7.556, 23.281
-181.346, 5.526, 7.578, 23.314
-181.346, 5.273, 7.600, 23.347
-181.345, 5.019, 7.622, 23.380
-181.344, 4.764, 7.644, 23.413
-181.344, 4.509, 7.666, 23.446
-181.343, 4.253, 7.688, 23.479
-181.343, 3.996, 7.710, 23.512
-181.342, 3.738, 7.733, 23.545
-181.341, 3.480, 7.755, 23.578
-181.341, 3.221, 7.777, 23.611
-181.340, 2.961, 7.799, 23.644
-181.339, 2.701, 7.822, 23.677
-181.339, 2.439, 7.844, 23.710
-181.338, 2.177, 7.866, 23.743
-181.337, 1.915, 7.889, 23.776
-181.337, 1.651, 7.912, 23.809
-181.336, 1.387, 7.935, 23.842
-181.335, 1.122, 7.957, 23.875
-181.334, 0.856, 7.980, 23.908
-181.334, 0.589, 8.004, 23.941
-181.333, 0.322, 8.027, 23.974
-181.332, 0.054, 8.050, 24.007
-181.331, -0.215, 8.074, 24.040
-181.331, -0.485, 8.097, 24.073
-181.330, -0.755, 8.121, 24.106
-181.329, -1.027, 8.144, 24.139
-181.329, -1.299, 8.168, 24.172
-181.328, -1.572, 8.192, 24.205
-181.327, -1.845, 8.216, 24.238
-181.326, -2.120, 8.240, 24.271
-181.325, -2.395, 8.264, 24.304
-181.325, -2.671, 8.289, 24.337
-181.324, -2.948, 8.313, 24.370
-181.323, -3.226, 8.337, 24.403
-181.322, -3.504, 8.362, 24.436
-181.321, -3.784, 8.387, 24.469
-181.321, -4.064, 8.411, 24.502
-181.320, -4.345, 8.436, 24.535
-181.319, -4.627, 8.461, 24.568
-181.318, -4.909, 8.486, 24.601
-181.317, -5.193, 8.511, 24.634
-181.316, -5.477, 8.536, 24.667
-181.315, -5.762, 8.561, 24.700
-181.315, -6.048, 8.587, 24.733
-181.314, -6.335, 8.612, 24.766
-181.313, -6.623, 8.637, 24.799
-181.312, -6.911, 8.663, 24.832
-181.311, -7.201, 8.689, 24.865
-181.310, -7.491, 8.714, 24.898
-181.309, -7.782, 8.740, 24.931
-181.308, -8.074, 8.766, 24.964
-181.307, -8.367, 8.792, 24.997
-181.306, -8.661, 8.818, 25.030
-181.305, -8.955, 8.844, 25.063
-181.304, -9.251, 8.870, 25.096
-181.303, -9.547, 8.896, 25.129
-181.303, -9.844, 8.923, 25.162
-181.302, -10.143, 8.949, 25.195
-181.301, -10.442, 8.976, 25.228
-181.300, -10.741, 9.002, 25.261
-181.299, -11.042, 9.029, 25.294
-181.298, -11.344, 9.056, 25.327
-181.297, -11.646, 9.083, 25.360
-181.296, -11.950, 9.110, 25.393
-181.295, -12.254, 9.137, 25.426
-181.293, -12.559, 9.164, 25.459
-181.292, -12.866, 9.191, 25.492
-181.291, -13.173, 9.219, 25.525
-181.290, -13.481, 9.246, 25.558
-181.289, -13.790, 9.274, 25.591
-181.288, -14.099, 9.301, 25.624
-181.287, -14.410, 9.329, 25.657
-181.286, -14.722, 9.357, 25.690
-181.285, -15.034, 9.385, 25.723
-181.284, -15.348, 9.413, 25.756
-181.283, -15.662, 9.441, 25.789
-181.282, -15.978, 9.469, 25.822
-181.280, -16.294, 9.498, 25.855
-181.279, -16.612, 9.526, 25.888
-181.278, -16.930, 9.554, 25.921
-181.277, -17.249, 9.583, 25.954
-181.276, -17.569, 9.612, 25.987
-181.275, -17.890, 9.641, 26.020
-181.273, -18.212, 9.669, 26.053
-181.272, -18.535, 9.698, 26.086
-181.271, -18.859, 9.728, 26.119
-181.270, -19.184, 9.757, 26.152
-181.269, -19.510, 9.786, 26.185
-181.267, -19.837, 9.815, 26.218
-181.266, -20.165, 9.845, 26.251
-181.265, -20.494, 9.874, 26.284
-181.264, -20.824, 9.904, 26.317
-181.262, -21.155, 9.934, 26.350
-181.261, -21.487, 9.964, 26.383
-181.260, -21.820, 9.994, 26.416
-181.258, -22.154, 10.024, 26.449
-181.257, -22.489, 10.054, 26.482
-181.256, -22.824, 10.084, 26.515
-181.255, -23.161, 10.115, 26.548
-181.253, -23.499, 10.145, 26.581
-181.252, -23.838, 10.176, 26.614
-181.251, -24.178, 10.206, 26.647
-181.249, -24.519, 10.237, 26.680
-181.248, -24.861, 10.268, 26.713
-181.246, -25.204, 10.299, 26.746
-181.245, -25.548, 10.330, 26.779
-181.244, -25.893, 10.361, 26.812
-181.242, -26.240, 10.393, 26.845
-181.241, -26.587, 10.424, 26.878
-181.239, -26.935, 10.456, 26.911
-181.238, -27.284, 10.487, 26.944
-181.236, -27.635, 10.519, 26.977
-181.235, -27.986, 10.551, 27.010
-181.233, -28.339, 10.583, 27.043
-181.232, -28.692, 10.615, 27.076
-181.231, -29.047, 10.647, 27.109
-181.229, -29.403, 10.680, 27.142
-181.227, -29.760, 10.712, 27.175
-181.226, -30.117, 10.744, 27.208
-181.224, -30.476, 10.777, 27.241
-181.223, -30.836, 10.810, 27.274
-181.221, -31.198, 10.843, 27.307
-181.220, -31.560, 10.876, 27.340
-181.218, -31.923, 10.909, 27.373
-181.217, -32.288, 10.942, 27.406
-181.215, -32.653, 10.975, 27.439
-181.213, -33.020, 11.009, 27.472
-181.212, -33.388, 11.042, 27.505
-181.210, -33.757, 11.076, 27.538
-181.208, -34.127, 11.109, 27.571
-181.207, -34.498, 11.143, 27.604
-181.205, -34.870, 11.177, 27.637
-181.203, -35.244, 11.211, 27.670
-181.202, -35.618, 11.246, 27.703
-181.200, -35.994, 11.280, 27.736
-181.198, -36.371, 11.314, 27.769
-181.197, -36.749, 11.349, 27.802
-181.195, -37.128, 11.384, 27.835
-181.193, -37.508, 11.418, 27.868
-181.191, -37.890, 11.453, 27.901
-181.190, -38.273, 11.489, 27.934
-181.188, -38.656, 11.524, 27.967
-181.186, -39.041, 11.559, 28.000
-181.184, -39.428, 11.595, 28.033
-181.182, -39.815, 11.631, 28.066
-181.180, -40.204, 11.667, 28.099
-181.179, -40.593, 11.703, 28.132
-181.177, -40.984, 11.739, 28.165
-181.175, -41.377, 11.776, 28.198
-181.173, -41.770, 11.813, 28.231
-181.171, -42.165, 11.850, 28.264
-181.169, -42.561, 11.887, 28.297
-181.167, -42.958, 11.924, 28.330
-181.165, -43.356, 11.962, 28.363
-181.163, -43.756, 11.999, 28.396
-181.161, -44.157, 12.037, 28.429
-181.159, -44.559, 12.075, 28.462
-181.157, -44.963, 12.113, 28.495
-181.155, -45.367, 12.151, 28.528
-181.153, -45.773, 12.190, 28.561
-181.151, -46.181, 12.228, 28.594
-181.149, -46.589, 12.267, 28.627
-181.147, -46.999, 12.306, 28.660
-181.145, -47.410, 12.345, 28.693
-181.143, -47.823, 12.384, 28.726
-181.141, -48.237, 12.423, 28.759
-181.139, -48.652, 12.463, 28.792
-181.137, -49.068, 12.502, 28.825
-181.134, -49.486, 12.542, 28.858
-181.132, -49.905, 12.582, 28.891
-181.130, -50.326, 12.622, 28.924
-181.128, -50.747, 12.662, 28.957
-181.126, -51.170, 12.702, 28.990
-181.123, -51.595, 12.742, 29.023
-181.121, -52.020, 12.782, 29.056
-181.119, -52.448, 12.823, 29.089
-181.117, -52.876, 12.864, 29.122
-181.114, -53.306, 12.904, 29.155
-181.112, -53.737, 12.945, 29.188
-181.110, -54.170, 12.986, 29.221
-181.107, -54.604, 13.028, 29.254
-181.105, -55.039, 13.069, 29.287
-181.103, -55.476, 13.111, 29.320
-181.100, -55.914, 13.152, 29.353
-181.098, -56.353, 13.194, 29.386
-181.095, -56.794, 13.236, 29.419
-181.093, -57.236, 13.278, 29.452
-181.090, -57.680, 13.320, 29.485
-181.088, -58.125, 13.362, 29.518
-181.086, -58.571, 13.405, 29.551
-181.083, -59.019, 13.447, 29.584
-181.080, -59.469, 13.490, 29.617
-181.078, -59.919, 13.533, 29.650
-181.075, -60.372, 13.576, 29.683
-181.073, -60.825, 13.619, 29.716
-181.070, -61.280, 13.663, 29.749
-181.068, -61.737, 13.706, 29.782
-181.065, -62.195, 13.750, 29.815
-181.062, -62.654, 13.794, 29.848
-181.060, -63.115, 13.838, 29.881
-181.057, -63.577, 13.882, 29.914
-181.054, -64.041, 13.926, 29.947
-181.052, -64.507, 13.971, 29.980
-181.049, -64.973, 14.015, 30.013
-181.046, -65.442, 14.060, 30.046
-181.043, -65.912, 14.105, 30.079
-181.041, -66.383, 14.150, 30.112
-181.038, -66.856, 14.195, 30.145
-181.035, -67.330, 14.240, 30.178
-181.032, -67.806, 14.286, 30.211
-181.029, -68.283, 14.332, 30.244
-181.026, -68.762, 14.378, 30.277
-181.023, -69.243, 14.424, 30.310
-181.020, -69.724, 14.470, 30.343
-181.018, -70.208, 14.516, 30.376
-181.015, -70.693, 14.563, 30.409
-181.012, -71.180, 14.609, 30.442
-181.009, -71.668, 14.656, 30.475
-181.006, -72.158, 14.703, 30.508
-181.002, -72.649, 14.750, 30.541
-180.999, -73.142, 14.797, 30.574
-180.996, -73.636, 14.845, 30.607
-180.993, -74.132, 14.893, 30.640
-180.990, -74.630, 14.940, 30.673
-180.987, -75.129, 14.988, 30.706
-180.984, -75.630, 15.036, 30.739
-180.981, -76.132, 15.085, 30.772
-180.977, -76.636, 15.133, 30.805
-180.974, -77.142, 15.182, 30.838
-180.971, -77.649, 15.230, 30.871
-180.968, -78.158, 15.279, 30.904
-180.964, -78.669, 15.328, 30.937
-180.961, -79.181, 15.378, 30.970
-180.958, -79.695, 15.427, 31.003
-180.954, -80.210, 15.477, 31.036
-180.951, -80.727, 15.527, 31.069
-180.947, -81.246, 15.577, 31.102
-180.944, -81.767, 15.627, 31.135
-180.940, -82.289, 15.677, 31.168
-180.937, -82.813, 15.728, 31.201
-180.933, -83.338, 15.778, 31.234
-180.930, -83.866, 15.829, 31.267
-180.926, -84.395, 15.880, 31.300
-180.923, -84.925, 15.932, 31.333
-180.919, -85.458, 15.983, 31.366
-180.915, -85.992, 16.034, 31.399
-180.912, -86.527, 16.086, 31.432
-180.908, -87.065, 16.138, 31.465
-180.904, -87.604, 16.189, 31.498
-180.901, -88.145, 16.238, 31.531
-180.897, -88.687, 16.284, 31.564
-180.893, -89.231, 16.326, 31.597
-180.889, -89.776, 16.362, 31.630
-180.885, -90.322, 16.392, 31.663
-180.882, -90.869, 16.416, 31.696
-180.878, -91.417, 16.434, 31.729
-180.874, -91.964, 16.444, 31.762
-180.870, -92.512, 16.448, 31.795
-180.866, -93.060, 16.444, 31.828
-180.862, -93.608, 16.434, 31.861
-180.858, -94.155, 16.417, 31.894
-180.854, -94.701, 16.395, 31.927
-180.850, -95.246, 16.367, 31.960
-180.846, -95.791, 16.335, 31.993
-180.842, -96.334, 16.299, 32.026
-180.838, -96.876, 16.259, 32.059
-180.834, -97.416, 16.216, 32.092
-180.830, -97.955, 16.171, 32.125
-180.826, -98.493, 16.124, 32.158
-180.822, -99.029, 16.077, 32.191
-180.818, -99.563, 16.028, 32.224
-180.814, -100.096, 15.979, 32.257
-180.810, -100.627, 15.931, 32.290
-180.806, -101.157, 15.882, 32.323
-180.802, -101.685, 15.835, 32.356
-180.798, -102.211, 15.789, 32.389
-180.794, -102.736, 15.745, 32.422
-180.790, -103.260, 15.702, 32.455
-180.786, -103.782, 15.660, 32.488
-180.782, -104.303, 15.621, 32.521
-180.777, -104.823, 15.584, 32.554
-180.773, -105.341, 15.548, 32.587
-180.769, -105.859, 15.515, 32.620
-180.765, -106.375, 15.483, 32.653
-180.761, -106.891, 15.454, 32.686
-180.757, -107.405, 15.426, 32.719
-180.753, -107.919, 15.400, 32.752
-180.749, -108.431, 15.375, 32.785
-180.745, -108.943, 15.351, 32.818
-180.740, -109.455, 15.329, 32.851
-180.736, -109.965, 15.308, 32.884
-180.732, -110.475, 15.288, 32.917
-180.728, -110.984, 15.268, 32.950
-180.724, -111.493, 15.249, 32.983
-180.720, -112.001, 15.231, 33.016
-180.716, -112.508, 15.212, 33.049
-180.711, -113.015, 15.194, 33.082
-180.707, -113.521, 15.176, 33.115
-180.703, -114.026, 15.157, 33.148
-180.699, -114.531, 15.139, 33.181
-180.695, -115.035, 15.120, 33.214
-180.691, -115.539, 15.100, 33.247
-180.686, -116.041, 15.081, 33.280
-180.682, -116.544, 15.060, 33.313
-180.678, -117.045, 15.040, 33.346
-180.674, -117.546, 15.019, 33.379
-180.670, -118.046, 14.997, 33.412
-180.666, -118.545, 14.975, 33.445
-180.661, -119.044, 14.953, 33.478
-180.657, -119.542, 14.930, 33.511
-180.653, -120.039, 14.906, 33.544
-180.649, -120.535, 14.882, 33.577
-180.645, -121.030, 14.858, 33.610
-180.640, -121.525, 14.834, 33.643
-180.636, -122.019, 14.809, 33.676
-180.632, -122.512, 14.785, 33.709
-180.628, -123.004, 14.760, 33.742
-180.623, -123.495, 14.734, 33.775
-180.619, -123.986, 14.709, 33.808
-180.615, -124.475, 14.684, 33.841
-180.611, -124.964, 14.659, 33.874
-180.606, -125.452, 14.634, 33.907
-180.602, -125.939, 14.609, 33.940
-180.598, -126.426, 14.583, 33.973
-180.593, -126.911, 14.559, 34.006
-180.589, -127.396, 14.534, 34.039
-180.585, -127.880, 14.509, 34.072
-180.580, -128.363, 14.485, 34.105
-180.576, -128.845, 14.460, 34.138
-180.572, -129.326, 14.436, 34.171
-180.567, -129.807, 14.412, 34.204
-180.563, -130.286, 14.388, 34.237
-180.559, -130.765, 14.364, 34.270
-180.554, -131.244, 14.341, 34.303
-180.550, -131.721, 14.318, 34.336
-180.546, -132.198, 14.294, 34.369
-180.541, -132.674, 14.271, 34.402
-180.537, -133.149, 14.248, 34.435
-180.532, -133.623, 14.226, 34.468
-180.528, -134.097, 14.203, 34.501
-180.523, -134.570, 14.180, 34.534
-180.519, -135.042, 14.158, 34.567
-180.515, -135.513, 14.135, 34.600
-180.510, -135.984, 14.113, 34.633
-180.506, -136.454, 14.091, 34.666
-180.501, -136.923, 14.069, 34.699
-180.497, -137.391, 14.046, 34.732
-180.492, -137.859, 14.024, 34.765
-180.488, -138.326, 14.002, 34.798
-180.483, -138.792, 13.980, 34.831
-180.479, -139.257, 13.958, 34.864
-180.474, -139.722, 13.936, 34.897
-180.470, -140.186, 13.914, 34.930
-180.465, -140.649, 13.892, 34.963
-180.461, -141.111, 13.869, 34.996
-180.456, -141.573, 13.847, 35.029
-180.452, -142.034, 13.825, 35.062
-180.447, -142.495, 13.803, 35.095
-180.442, -142.954, 13.781, 35.128
-180.438, -143.413, 13.759, 35.161
-180.433, -143.871, 13.737, 35.194
-180.429, -144.328, 13.715, 35.227
-180.424, -144.785, 13.693, 35.260
-180.420, -145.241, 13.671, 35.293
-180.415, -145.696, 13.649, 35.326
-180.410, -146.150, 13.627, 35.359
-180.406, -146.604, 13.605, 35.392
-180.401, -147.057, 13.584, 35.425
-180.396, -147.509, 13.562, 35.458
-180.392, -147.961, 13.540, 35.491
-180.387, -148.411, 13.518, 35.524
-180.382, -148.861, 13.496, 35.557
-180.378, -149.311, 13.475, 35.590
-180.373, -149.759, 13.453, 35.623
-180.368, -150.207, 13.431, 35.656
-180.364, -150.654, 13.410, 35.689
-180.359, -151.101, 13.388, 35.722
-180.354, -151.546, 13.367, 35.755
-180.350, -151.991, 13.345, 35.788
-180.345, -152.436, 13.324, 35.821
-180.340, -152.879, 13.303, 35.854
-180.335, -153.322, 13.281, 35.887
-180.330, -153.764, 13.260, 35.920
-180.326, -154.206, 13.239, 35.953
-180.321, -154.647, 13.218, 35.986
-180.316, -155.087, 13.196, 36.019
-180.311, -155.526, 13.175, 36.052
-180.307, -155.965, 13.154, 36.085
-180.302, -156.402, 13.133, 36.118
-180.297, -156.840, 13.112, 36.151
-180.292, -157.276, 13.091, 36.184
-180.287, -157.712, 13.070, 36.217
-180.282, -158.147, 13.050, 36.250
-180.277, -158.582, 13.029, 36.283
-180.272, -159.015, 13.008, 36.316
-180.268, -159.448, 12.987, 36.349
-180.263, -159.881, 12.966, 36.382
-180.258, -160.312, 12.946, 36.415
-180.253, -160.743, 12.925, 36.448
-180.248, -161.174, 12.905, 36.481
-180.243, -161.603, 12.884, 36.514
-180.238, -162.032, 12.863, 36.547
-180.233, -162.461, 12.843, 36.580
-180.228, -162.888, 12.822, 36.613
-180.223, -163.315, 12.802, 36.646
-180.218, -163.741, 12.782, 36.679
-180.213, -164.167, 12.761, 36.712
-180.208, -164.592, 12.741, 36.745
-180.203, -165.016, 12.721, 36.778
-180.198, -165.439, 12.700, 36.811
-180.192, -165.862, 12.680, 36.844
-180.187, -166.284, 12.660, 36.877
-180.182, -166.706, 12.640, 36.910
-180.177, -167.126, 12.620, 36.943
-180.172, -167.546, 12.599, 36.976
-180.167, -167.966, 12.579, 37.009
-180.162, -168.385, 12.559, 37.042
-180.156, -168.803, 12.539, 37.075
-180.151, -169.220, 12.519, 37.108
-180.146, -169.637, 12.500, 37.141
-180.141, -170.053, 12.480, 37.174
-180.135, -170.469, 12.460, 37.207
-180.130, -170.883, 12.440, 37.240
-180.125, -171.298, 12.420, 37.273
-180.119, -171.711, 12.400, 37.306
-180.114, -172.124, 12.381, 37.339
-180.109, -172.536, 12.361, 37.372
-180.103, -172.948, 12.341, 37.405
-180.098, -173.358, 12.322, 37.438
-180.092, -173.769, 12.302, 37.471
-180.087, -174.178, 12.282, 37.504
-180.082, -174.587, 12.263, 37.537
-180.076, -174.995, 12.243, 37.570
-180.071, -175.403, 12.224, 37.603
-180.065, -175.810, 12.205, 37.636
-180.059, -176.216, 12.185, 37.669
-180.054, -176.622, 12.166, 37.702
-180.048, -177.027, 12.147, 37.735
-180.043, -177.431, 12.127, 37.768
-180.037, -177.835, 12.108, 37.801
-180.031, -178.238, 12.089, 37.834
-180.025, -178.640, 12.070, 37.867
-180.020, -179.042, 12.051, 37.900
-180.014, -179.443, 12.032, 37.933
-180.008, -179.844, 12.013, 37.966
-180.002, -180.244, 11.994, 37.999
-179.996, -180.643, 11.975, 38.032
-179.990, -181.042, 11.956, 38.065
-179.985, -181.440, 11.938, 38.098
-179.979, -181.837, 11.919, 38.131
-179.972, -182.234, 11.901, 38.164
-179.966, -182.630, 11.882, 38.197
-179.960, -183.026, 11.864, 38.230
-179.954, -183.421, 11.845, 38.263
-179.948, -183.815, 11.827, 38.296
-179.942, -184.209, 11.808, 38.329
-179.935, -184.602, 11.790, 38.362
-179.929, -184.994, 11.772, 38.395
-179.923, -185.386, 11.754, 38.428
-179.916, -185.778, 11.736, 38.461
-179.910, -186.168, 11.717, 38.494
-179.903, -186.558, 11.699, 38.527
-179.896, -186.948, 11.681, 38.560
-179.890, -187.337, 11.663, 38.593
-179.883, -187.725, 11.645, 38.626
-179.876, -188.113, 11.627, 38.659
-179.869, -188.500, 11.609, 38.692
-179.862, -188.886, 11.591, 38.725
-179.855, -189.272, 11.573, 38.758
-179.848, -189.657, 11.555, 38.791
-179.840, -190.042, 11.537, 38.824
-179.832, -190.426, 11.520, 38.857
-179.824, -190.809, 11.502, 38.890
-179.816, -191.192, 11.484, 38.923
-179.806, -191.575, 11.466, 38.956
-179.797, -191.956, 11.448, 38.989
-179.786, -192.337, 11.430, 39.022
-179.775, -192.718, 11.413, 39.055
-179.763, -193.097, 11.395, 39.088
-179.749, -193.476, 11.377, 39.121
-179.734, -193.855, 11.359, 39.154
-179.718, -194.233, 11.341, 39.187
-179.701, -194.610, 11.324, 39.220
-179.682, -194.986, 11.306, 39.253
-179.661, -195.362, 11.288, 39.286
-179.638, -195.737, 11.270, 39.319
-179.614, -196.112, 11.252, 39.352
-179.587, -196.485, 11.234, 39.385
-179.559, -196.858, 11.217, 39.418
-179.527, -197.230, 11.202, 39.451
-179.494, -197.602, 11.191, 39.484
-179.458, -197.973, 11.183, 39.517
-179.420, -198.344, 11.179, 39.550
-179.379, -198.714, 11.179, 39.583
-179.335, -199.084, 11.183, 39.616
-179.289, -199.454, 11.192, 39.649
-179.239, -199.824, 11.204, 39.682
-179.187, -200.195, 11.220, 39.715
-179.132, -200.565, 11.240, 39.748
-179.073, -200.936, 11.264, 39.781
-179.012, -201.307, 11.290, 39.814
-178.947, -201.678, 11.320, 39.847
-178.879, -202.050, 11.352, 39.880
-178.808, -202.423, 11.387, 39.913
-178.733, -202.796, 11.423, 39.946
-178.656, -203.170, 11.462, 39.979
-178.574, -203.544, 11.502, 40.012
-178.489, -203.919, 11.543, 40.045
-178.401, -204.295, 11.586, 40.078
-178.310, -204.671, 11.629, 40.111
-178.215, -205.048, 11.674, 40.144
-178.116, -205.425, 11.719, 40.177
-178.014, -205.803, 11.764, 40.210
-177.909, -206.182, 11.809, 40.243
-177.800, -206.561, 11.855, 40.276
-177.688, -206.941, 11.900, 40.309
-177.573, -207.322, 11.946, 40.342
-177.454, -207.703, 11.990, 40.375
-177.332, -208.084, 12.035, 40.408
-177.206, -208.466, 12.079, 40.441
-177.077, -208.849, 12.123, 40.474
-176.945, -209.232, 12.166, 40.507
-176.810, -209.615, 12.209, 40.540
-176.672, -209.999, 12.252, 40.573
-176.531, -210.383, 12.294, 40.606
-176.386, -210.767, 12.335, 40.639
-176.239, -211.152, 12.376, 40.672
-176.089, -211.537, 12.416, 40.705
-175.936, -211.922, 12.457, 40.738
-175.780, -212.308, 12.497, 40.771
-175.621, -212.694, 12.537, 40.804
-175.460, -213.081, 12.576, 40.837
-175.297, -213.468, 12.615, 40.870
-175.130, -213.855, 12.654, 40.903
-174.962, -214.242, 12.693, 40.936
-174.790, -214.630, 12.732, 40.969
-174.617, -215.018, 12.771, 41.002
-174.441, -215.407, 12.809, 41.035
-174.263, -215.796, 12.848, 41.068
-174.083, -216.185, 12.887, 41.101
-173.900, -216.575, 12.926, 41.134
-173.716, -216.965, 12.965, 41.167
-173.529, -217.356, 13.005, 41.200
-173.341, -217.748, 13.044, 41.233
-173.150, -218.139, 13.084, 41.266
-172.957, -218.532, 13.124, 41.299
-172.763, -218.925, 13.164, 41.332
-172.566, -219.318, 13.205, 41.365
-172.368, -219.712, 13.245, 41.398
-172.168, -220.107, 13.286, 41.431
-171.967, -220.502, 13.328, 41.464
-171.763, -220.898, 13.369, 41.497
-171.558, -221.295, 13.411, 41.530
-171.351, -221.693, 13.453, 41.563
-171.143, -222.091, 13.496, 41.596
-170.932, -222.490, 13.538, 41.629
-170.721, -222.889, 13.581, 41.662
-170.507, -223.290, 13.624, 41.695
-170.292, -223.691, 13.668, 41.728
-170.076, -224.093, 13.711, 41.761
-169.858, -224.496, 13.755, 41.794
-169.638, -224.900, 13.799, 41.827
-169.417, -225.305, 13.843, 41.860
-169.195, -225.710, 13.887, 41.893
-168.971, -226.116, 13.932, 41.926
-168.745, -226.524, 13.977, 41.959
-168.518, -226.932, 14.022, 41.992
-168.290, -227.341, 14.067, 42.025
-168.060, -227.751, 14.112, 42.058
-167.829, -228.162, 14.157, 42.091
-167.596, -228.573, 14.203, 42.124
-167.362, -228.986, 14.249, 42.157
-167.126, -229.400, 14.294, 42.190
-166.889, -229.815, 14.340, 42.223
-166.651, -230.230, 14.386, 42.256
-166.411, -230.647, 14.433, 42.289
-166.170, -231.065, 14.479, 42.322
-165.927, -231.483, 14.525, 42.355
-165.683, -231.903, 14.572, 42.388
-165.438, -232.323, 14.619, 42.421
-165.191, -232.745, 14.666, 42.454
-164.943, -233.167, 14.713, 42.487
-164.693, -233.591, 14.760, 42.520
-164.442, -234.015, 14.807, 42.553
-164.190, -234.441, 14.855, 42.586
-163.936, -234.867, 14.902, 42.619
-163.681, -235.295, 14.950, 42.652
-163.424, -235.724, 14.998, 42.685
-163.166, -236.153, 15.046, 42.718
-162.907, -236.584, 15.094, 42.751
-162.647, -237.016, 15.143, 42.784
-162.385, -237.449, 15.191, 42.817
-162.122, -237.883, 15.240, 42.850
-161.857, -238.318, 15.289, 42.883
-161.591, -238.754, 15.338, 42.916
-161.324, -239.192, 15.387, 42.949
-161.055, -239.630, 15.437, 42.982
-160.786, -240.070, 15.486, 43.015
-160.514, -240.511, 15.536, 43.048
-160.242, -240.952, 15.586, 43.081
-159.968, -241.396, 15.636, 43.114
-159.693, -241.840, 15.686, 43.147
-159.417, -242.285, 15.737, 43.180
-159.140, -242.732, 15.788, 43.213
-158.861, -243.180, 15.839, 43.246
-158.581, -243.629, 15.890, 43.279
-158.300, -244.080, 15.941, 43.312
-158.018, -244.532, 15.992, 43.345
-157.735, -244.985, 16.044, 43.378
-157.450, -245.439, 16.096, 43.411
-157.165, -245.895, 16.148, 43.444
-156.878, -246.352, 16.200, 43.477
-156.590, -246.811, 16.252, 43.510
-156.302, -247.270, 16.305, 43.543
-156.012, -247.732, 16.357, 43.576
-155.721, -248.195, 16.410, 43.609
-155.429, -248.659, 16.463, 43.642
-155.137, -249.125, 16.517, 43.675
-154.843, -249.592, 16.570, 43.708
-154.548, -250.061, 16.624, 43.741
-154.253, -250.531, 16.677, 43.774
-153.957, -251.004, 16.731, 43.807
-153.660, -251.477, 16.785, 43.840
-153.362, -251.953, 16.840, 43.873
-153.064, -252.430, 16.894, 43.906
-152.765, -252.909, 16.949, 43.939
-152.465, -253.389, 17.003, 43.972
-152.165, -253.872, 17.057, 44.005
-151.865, -254.356, 17.108, 44.038
-151.564, -254.842, 17.155, 44.071
-151.263, -255.329, 17.198, 44.104
-150.962, -255.818, 17.235, 44.137
-150.661, -256.308, 17.266, 44.170
-150.360, -256.800, 17.290, 44.203
-150.061, -257.292, 17.308, 44.236
-149.762, -257.786, 17.319, 44.269
-149.464, -258.280, 17.323, 44.302
-149.167, -258.775, 17.321, 44.335
-148.872, -259.270, 17.311, 44.368
-148.578, -259.766, 17.296, 44.401
-148.286, -260.262, 17.275, 44.434
-147.997, -260.759, 17.249, 44.467
-147.710, -261.256, 17.218, 44.500
-147.425, -261.753, 17.183, 44.533
-147.143, -262.249, 17.146, 44.566
-146.864, -262.747, 17.105, 44.599
-146.588, -263.244, 17.062, 44.632
-146.315, -263.741, 17.018, 44.665
-146.046, -264.238, 16.973, 44.698
-145.779, -264.736, 16.930, 44.731
-145.517, -265.234, 16.891, 44.764
-145.257, -265.733, 16.856, 44.797
-145.002, -266.232, 16.828, 44.830
-144.749, -266.732, 16.806, 44.863
-144.500, -267.233, 16.792, 44.896
-144.255, -267.736, 16.783, 44.929
-144.013, -268.241, 16.780, 44.962
-143.775, -268.747, 16.783, 44.995
-143.540, -269.255, 16.790, 45.028
-143.308, -269.765, 16.802, 45.061
-143.080, -270.277, 16.818, 45.094
-142.856, -270.791, 16.837, 45.127
-142.635, -271.308, 16.860, 45.160
-142.417, -271.827, 16.887, 45.193
-142.203, -272.348, 16.915, 45.226
-141.992, -272.872, 16.947, 45.259
-141.785, -273.398, 16.981, 45.292
-141.581, -273.928, 17.018, 45.325
-141.380, -274.459, 17.055, 45.358
-141.184, -274.994, 17.092, 45.391
-140.990, -275.531, 17.129, 45.424
-140.800, -276.070, 17.163, 45.457
-140.613, -276.612, 17.196, 45.490
-140.431, -277.155, 17.224, 45.523
-140.251, -277.701, 17.249, 45.556
-140.075, -278.249, 17.269, 45.589
-139.903, -278.799, 17.285, 45.622
-139.734, -279.349, 17.295, 45.655
-139.569, -279.902, 17.300, 45.688
-139.408, -280.455, 17.300, 45.721
-139.250, -281.009, 17.294, 45.754
-139.096, -281.564, 17.283, 45.787
-138.945, -282.119, 17.266, 45.820
-138.798, -282.674, 17.245, 45.853
-138.655, -283.230, 17.220, 45.886
-138.515, -283.785, 17.190, 45.919
-138.378, -284.340, 17.157, 45.952
-138.245, -284.895, 17.120, 45.985
-138.115, -285.449, 17.081, 46.018
-137.989, -286.003, 17.040, 46.051
-137.866, -286.556, 16.997, 46.084
-137.746, -287.108, 16.952, 46.117
-137.630, -287.660, 16.907, 46.150
-137.516, -288.210, 16.861, 46.183
-137.405, -288.760, 16.815, 46.216
-137.297, -289.308, 16.769, 46.249
-137.193, -289.856, 16.724, 46.282
-137.091, -290.402, 16.680, 46.315
-136.991, -290.948, 16.636, 46.348
-136.895, -291.493, 16.594, 46.381
-136.801, -292.037, 16.553, 46.414
-136.709, -292.580, 16.514, 46.447
-136.620, -293.122, 16.477, 46.480
-136.533, -293.663, 16.441, 46.513
-136.449, -294.204, 16.407, 46.546
-136.366, -294.744, 16.375, 46.579
-136.286, -295.283, 16.344, 46.612
-136.209, -295.821, 16.315, 46.645
-136.133, -296.359, 16.288, 46.678
-136.060, -296.897, 16.262, 46.711
-135.988, -297.433, 16.237, 46.744
-135.919, -297.970, 16.213, 46.777
-135.852, -298.505, 16.191, 46.810
-135.786, -299.040, 16.169, 46.843
-135.723, -299.575, 16.148, 46.876
-135.662, -300.110, 16.128, 46.909
-135.603, -300.643, 16.108, 46.942
-135.545, -301.177, 16.089, 46.975
-135.490, -301.710, 16.070, 47.008
-135.437, -302.242, 16.051, 47.041
-135.386, -302.774, 16.031, 47.074
-135.336, -303.306, 16.012, 47.107
-135.289, -303.837, 15.993, 47.140
-135.244, -304.368, 15.973, 47.173
-135.200, -304.898, 15.953, 47.206
-135.159, -305.428, 15.933, 47.239
-135.120, -305.957, 15.912, 47.272
-135.083, -306.485, 15.890, 47.305
-135.048, -307.013, 15.869, 47.338
-135.015, -307.540, 15.847, 47.371
-134.984, -308.067, 15.824, 47.404
-134.955, -308.593, 15.801, 47.437
-134.929, -309.119, 15.777, 47.470
-134.905, -309.643, 15.754, 47.503
-134.882, -310.167, 15.730, 47.536
-134.863, -310.690, 15.705, 47.569
-134.845, -311.213, 15.680, 47.602
-134.829, -311.735, 15.655, 47.635
-134.816, -312.256, 15.630, 47.668
-134.805, -312.776, 15.605, 47.701
-134.796, -313.295, 15.579, 47.734
-134.789, -313.814, 15.554, 47.767
-134.785, -314.331, 15.528, 47.800
-134.783, -314.848, 15.503, 47.833
-134.783, -315.364, 15.477, 47.866
-134.786, -315.880, 15.452, 47.899
-134.791, -316.394, 15.426, 47.932
-134.798, -316.907, 15.401, 47.965
-134.808, -317.420, 15.376, 47.998
-134.820, -317.932, 15.351, 48.031
-134.834, -318.442, 15.326, 48.064
-134.851, -318.952, 15.301, 48.097
-134.870, -319.461, 15.276, 48.130
-134.892, -319.969, 15.252, 48.163
-134.916, -320.476, 15.228, 48.196
-134.942, -320.983, 15.204, 48.229
-134.971, -321.488, 15.180, 48.262
-135.003, -321.992, 15.156, 48.295
-135.036, -322.496, 15.133, 48.328
-135.072, -322.998, 15.109, 48.361
-135.111, -323.500, 15.086, 48.394
-135.152, -324.000, 15.063, 48.427
-135.196, -324.500, 15.040, 48.460
-135.242, -324.998, 15.017, 48.493
-135.290, -325.496, 14.994, 48.526
-135.341, -325.992, 14.971, 48.559
-135.395, -326.488, 14.948, 48.592
-135.451, -326.982, 14.926, 48.625
-135.509, -327.476, 14.903, 48.658
-135.570, -327.968, 14.881, 48.691
-135.634, -328.459, 14.858, 48.724
-135.700, -328.949, 14.835, 48.757
-135.769, -329.439, 14.813, 48.790
-135.840, -329.926, 14.791, 48.823
-135.913, -330.413, 14.768, 48.856
-135.990, -330.899, 14.746, 48.889
-136.069, -331.383, 14.723, 48.922
-136.150, -331.867, 14.701, 48.955
-136.234, -332.349, 14.678, 48.988
-136.321, -332.830, 14.656, 49.021
-136.410, -333.309, 14.633, 49.054
-136.502, -333.788, 14.611, 49.087
-136.597, -334.265, 14.589, 49.120
-136.694, -334.740, 14.566, 49.153
-136.794, -335.215, 14.544, 49.186
-136.897, -335.688, 14.521, 49.219
-137.002, -336.160, 14.499, 49.252
-137.111, -336.630, 14.476, 49.285
-137.222, -337.099, 14.454, 49.318
-137.335, -337.566, 14.431, 49.351
-137.452, -338.032, 14.409, 49.384
-137.571, -338.497, 14.387, 49.417
-137.694, -338.960, 14.364, 49.450
-137.819, -339.421, 14.342, 49.483
-137.947, -339.881, 14.320, 49.516
-138.078, -340.339, 14.298, 49.549
-138.212, -340.796, 14.276, 49.582
-138.348, -341.251, 14.253, 49.615
-138.488, -341.704, 14.231, 49.648
-138.631, -342.156, 14.209, 49.681
-138.776, -342.606, 14.187, 49.714
-138.925, -343.054, 14.165, 49.747
-139.077, -343.501, 14.143, 49.780
-139.232, -343.945, 14.121, 49.813
-139.390, -344.388, 14.100, 49.846
-139.551, -344.828, 14.078, 49.879
-139.715, -345.267, 14.056, 49.912
-139.882, -345.704, 14.034, 49.945
-140.053, -346.139, 14.013, 49.978
-140.226, -346.572, 13.991, 50.011
-140.403, -347.002, 13.970, 50.044
-140.583, -347.431, 13.948, 50.077
-140.767, -347.857, 13.927, 50.110
-140.953, -348.282, 13.905, 50.143
-141.142, -348.704, 13.885, 50.176
-141.335, -349.124, 13.864, 50.209
-141.530, -349.542, 13.842, 50.242
-141.729, -349.958, 13.822, 50.275
-141.930, -350.371, 13.801, 50.308
-142.134, -350.783, 13.781, 50.341
-142.341, -351.192, 13.760, 50.374
-142.550, -351.600, 13.743, 50.407
-142.761, -352.006, 13.728, 50.440
-142.975, -352.410, 13.718, 50.473
-143.192, -352.812, 13.713, 50.506
-143.411, -353.214, 13.713, 50.539
-143.632, -353.614, 13.717, 50.572
-143.855, -354.013, 13.728, 50.605
-144.081, -354.412, 13.743, 50.638
-144.308, -354.810, 13.764, 50.671
-144.538, -355.208, 13.790, 50.704
-144.770, -355.606, 13.821, 50.737
-145.004, -356.004, 13.856, 50.770
-145.240, -356.403, 13.894, 50.803
-145.478, -356.802, 13.937, 50.836
-145.717, -357.201, 13.982, 50.869
-145.959, -357.602, 14.030, 50.902
-146.201, -358.003, 14.080, 50.935
-146.446, -358.406, 14.132, 50.968
-146.692, -358.809, 14.187, 51.001
-146.940, -359.214, 14.243, 51.034
-147.188, -359.621, 14.301, 51.067
-147.439, -360.028, 14.360, 51.100
-147.690, -360.438, 14.420, 51.133
-147.943, -360.849, 14.480, 51.166
-148.197, -361.261, 14.541, 51.199
-148.451, -361.675, 14.602, 51.232
-148.707, -362.092, 14.663, 51.265
-148.964, -362.509, 14.723, 51.298
-149.221, -362.929, 14.783, 51.331
-149.480, -363.351, 14.842, 51.364
-149.739, -363.774, 14.901, 51.397
-149.998, -364.199, 14.958, 51.430
-150.259, -364.626, 15.015, 51.463
-150.520, -365.055, 15.071, 51.496
-150.781, -365.486, 15.126, 51.529
-151.043, -365.918, 15.180, 51.562
-151.305, -366.353, 15.233, 51.595
-151.567, -366.789, 15.285, 51.628
-151.830, -367.227, 15.337, 51.661
-152.094, -367.666, 15.387, 51.694
-152.357, -368.108, 15.437, 51.727
-152.621, -368.551, 15.487, 51.760
-152.885, -368.996, 15.535, 51.793
-153.150, -369.442, 15.584, 51.826
-153.415, -369.891, 15.631, 51.859
-153.680, -370.341, 15.679, 51.892
-153.945, -370.792, 15.726, 51.925
-154.210, -371.246, 15.774, 51.958
-154.476, -371.701, 15.821, 51.991
-154.742, -372.157, 15.868, 52.024
-155.009, -372.615, 15.915, 52.057
-155.276, -373.075, 15.963, 52.090
-155.543, -373.537, 16.011, 52.123
-155.810, -374.000, 16.059, 52.156
-156.078, -374.465, 16.107, 52.189
-156.346, -374.931, 16.156, 52.222
-156.615, -375.400, 16.205, 52.255
-156.884, -375.869, 16.255, 52.288
-157.154, -376.341, 16.305, 52.321
-157.424, -376.814, 16.355, 52.354
-157.694, -377.289, 16.406, 52.387
-157.966, -377.765, 16.458, 52.420
-158.237, -378.243, 16.510, 52.453
-158.510, -378.723, 16.562, 52.486
-158.782, -379.205, 16.615, 52.519
-159.056, -379.688, 16.668, 52.552
-159.330, -380.173, 16.722, 52.585
-159.604, -380.659, 16.776, 52.618
-159.880, -381.148, 16.831, 52.651
-160.156, -381.638, 16.886, 52.684
-160.432, -382.130, 16.941, 52.717
-160.709, -382.624, 16.996, 52.750
-160.987, -383.119, 17.052, 52.783
-161.265, -383.616, 17.109, 52.816
-161.545, -384.115, 17.165, 52.849
-161.824, -384.616, 17.222, 52.882
-162.105, -385.119, 17.279, 52.915
-162.386, -385.623, 17.336, 52.948
-162.667, -386.129, 17.393, 52.981
-162.949, -386.638, 17.451, 53.014
-163.232, -387.148, 17.508, 53.047
-163.515, -387.660, 17.566, 53.080
-163.799, -388.173, 17.624, 53.113
-164.084, -388.689, 17.682, 53.146
-164.368, -389.207, 17.740, 53.179
-164.654, -389.726, 17.798, 53.212
-164.940, -390.248, 17.857, 53.245
-165.226, -390.771, 17.915, 53.278
-165.513, -391.297, 17.974, 53.311
-165.800, -391.825, 18.032, 53.344
-166.087, -392.354, 18.091, 53.377
-166.375, -392.886, 18.150, 53.410
-166.663, -393.419, 18.209, 53.443
-166.952, -393.955, 18.269, 53.476
-167.240, -394.493, 18.328, 53.509
-167.529, -395.033, 18.387, 53.542
-167.818, -395.575, 18.447, 53.575
-168.108, -396.120, 18.507, 53.608
-168.397, -396.666, 18.567, 53.641
-168.687, -397.215, 18.627, 53.674
-168.976, -397.766, 18.687, 53.707
-169.266, -398.319, 18.748, 53.740
-169.555, -398.875, 18.808, 53.773
-169.845, -399.432, 18.869, 53.806
-170.134, -399.993, 18.930, 53.839
-170.424, -400.555, 18.991, 53.872
-170.713, -401.120, 19.052, 53.905
-171.002, -401.687, 19.113, 53.938
-171.291, -402.257, 19.171, 53.971
-171.580, -402.828, 19.224, 54.004
-171.868, -403.402, 19.273, 54.037
-172.155, -403.977, 19.315, 54.070
-172.442, -404.555, 19.351, 54.103
-172.728, -405.134, 19.378, 54.136
-173.012, -405.714, 19.398, 54.169
-173.296, -406.295, 19.410, 54.202
-173.578, -406.877, 19.413, 54.235
-173.859, -407.459, 19.407, 54.268
-174.138, -408.042, 19.394, 54.301
-174.416, -408.624, 19.372, 54.334
-174.691, -409.207, 19.343, 54.367
-174.965, -409.789, 19.308, 54.400
-175.236, -410.371, 19.267, 54.433
-175.505, -410.952, 19.221, 54.466
-175.772, -411.533, 19.170, 54.499
-176.037, -412.113, 19.116, 54.532
-176.299, -412.691, 19.059, 54.565
-176.559, -413.269, 19.000, 54.598
-176.816, -413.845, 18.939, 54.631
-177.071, -414.421, 18.877, 54.664
-177.323, -414.995, 18.814, 54.697
-177.573, -415.568, 18.752, 54.730
-177.820, -416.140, 18.691, 54.763
-178.065, -416.711, 18.631, 54.796
-178.308, -417.281, 18.572, 54.829
-178.548, -417.850, 18.515, 54.862
-178.785, -418.418, 18.460, 54.895
-179.020, -418.985, 18.408, 54.928
-179.253, -419.551, 18.358, 54.961
-179.484, -420.116, 18.311, 54.994
-179.712, -420.681, 18.267, 55.027
-179.939, -421.245, 18.226, 55.060
-180.163, -421.809, 18.187, 55.093
-180.385, -422.372, 18.151, 55.126
-180.604, -422.935, 18.118, 55.159
-180.822, -423.498, 18.087, 55.192
-181.037, -424.060, 18.059, 55.225
-181.251, -424.623, 18.032, 55.258
-181.462, -425.185, 18.007, 55.291
-181.671, -425.747, 17.984, 55.324
-181.877, -426.309, 17.962, 55.357
-182.082, -426.871, 17.942, 55.390
-182.284, -427.434, 17.922, 55.423
-182.484, -427.996, 17.902, 55.456
-182.681, -428.559, 17.884, 55.489
-182.876, -429.122, 17.865, 55.522
-183.069, -429.685, 17.846, 55.555
-183.259, -430.248, 17.828, 55.588
-183.446, -430.812, 17.813, 55.621
-183.632, -431.375, 17.802, 55.654
-183.814, -431.940, 17.797, 55.687
-183.994, -432.505, 17.796, 55.720
-184.172, -433.072, 17.801, 55.753
-184.347, -433.639, 17.810, 55.786
-184.520, -434.207, 17.823, 55.819
-184.691, -434.777, 17.840, 55.852
-184.859, -435.348, 17.861, 55.885
-185.025, -435.920, 17.885, 55.918
-185.189, -436.494, 17.912, 55.951
-185.351, -437.070, 17.941, 55.984
-185.510, -437.648, 17.973, 56.017
-185.668, -438.227, 18.008, 56.050
-185.823, -438.808, 18.045, 56.083
-185.977, -439.390, 18.083, 56.116
-186.128, -439.975, 18.124, 56.149
-186.278, -440.562, 18.166, 56.182
-186.426, -441.150, 18.210, 56.215
-186.572, -441.740, 18.256, 56.248
-186.716, -442.333, 18.303, 56.281
-186.859, -442.927, 18.351, 56.314
-187.000, -443.524, 18.400, 56.347
-187.140, -444.123, 18.451, 56.380
-187.279, -444.723, 18.502, 56.413
-187.416, -445.326, 18.555, 56.446
-187.552, -445.931, 18.608, 56.479
-187.687, -446.538, 18.662, 56.512
-187.821, -447.147, 18.717, 56.545
-187.954, -447.758, 18.773, 56.578
-188.085, -448.371, 18.829, 56.611
-188.217, -448.986, 18.886, 56.644
-188.347, -449.604, 18.943, 56.677
-188.476, -450.223, 19.001, 56.710
-188.605, -450.845, 19.059, 56.743
-188.734, -451.469, 19.117, 56.776
-188.862, -452.095, 19.176, 56.809
-188.989, -452.723, 19.235, 56.842
-189.116, -453.353, 19.295, 56.875
-189.243, -453.985, 19.355, 56.908
-189.369, -454.619, 19.414, 56.941
-189.495, -455.255, 19.475, 56.974
-189.621, -455.894, 19.535, 57.007
-189.747, -456.534, 19.596, 57.040
-189.872, -457.177, 19.656, 57.073
-189.998, -457.822, 19.717, 57.106
-190.123, -458.468, 19.778, 57.139
-190.249, -459.117, 19.839, 57.172
-190.374, -459.768, 19.900, 57.205
-190.499, -460.421, 19.961, 57.238
-190.625, -461.076, 20.022, 57.271
-190.751, -461.733, 20.083, 57.304
-190.876, -462.392, 20.142, 57.337
-191.002, -463.053, 20.199, 57.370
-191.127, -463.716, 20.252, 57.403
-191.253, -464.381, 20.303, 57.436
-191.379, -465.047, 20.349, 57.469
-191.505, -465.714, 20.391, 57.502
-191.630, -466.383, 20.428, 57.535
-191.756, -467.053, 20.460, 57.568
-191.881, -467.724, 20.486, 57.601
-192.007, -468.395, 20.507, 57.634
-192.132, -469.068, 20.523, 57.667
-192.256, -469.740, 20.533, 57.700
-192.381, -470.413, 20.538, 57.733
-192.505, -471.086, 20.539, 57.766
-192.629, -471.759, 20.535, 57.799
-192.752, -472.432, 20.526, 57.832
-192.875, -473.104, 20.515, 57.865
-192.998, -473.776, 20.500, 57.898
-193.120, -474.448, 20.482, 57.931
-193.242, -475.119, 20.463, 57.964
-193.363, -475.789, 20.442, 57.997
-193.483, -476.459, 20.420, 58.030
-193.603, -477.128, 20.397, 58.063
-193.722, -477.797, 20.374, 58.096
-193.841, -478.465, 20.352, 58.129
-193.959, -479.132, 20.330, 58.162
-194.077, -479.798, 20.309, 58.195
-194.194, -480.465, 20.290, 58.228
-194.311, -481.130, 20.272, 58.261
-194.426, -481.796, 20.255, 58.294
-194.542, -482.460, 20.241, 58.327
-194.657, -483.125, 20.228, 58.360
-194.771, -483.789, 20.218, 58.393
-194.885, -484.453, 20.209, 58.426
-194.998, -485.117, 20.203, 58.459
-195.110, -485.781, 20.198, 58.492
-195.223, -486.445, 20.195, 58.525
-195.334, -487.109, 20.194, 58.558
-195.445, -487.773, 20.195, 58.591
-195.556, -488.437, 20.197, 58.624
-195.666, -489.101, 20.200, 58.657
-195.776, -489.766, 20.204, 58.690
-195.886, -490.430, 20.209, 58.723
-195.995, -491.095, 20.216, 58.756
-196.103, -491.761, 20.222, 58.789
-196.211, -492.426, 20.229, 58.822
-196.319, -493.092, 20.237, 58.855
-196.427, -493.759, 20.244, 58.888
-196.534, -494.425, 20.252, 58.921
-196.640, -495.092, 20.260, 58.954
-196.746, -495.759, 20.267, 58.987
-196.852, -496.427, 20.274, 59.020
-196.958, -497.094, 20.280, 59.053
-197.063, -497.762, 20.286, 59.086
-197.168, -498.430, 20.291, 59.119
-197.272, -499.099, 20.296, 59.152
-197.376, -499.767, 20.300, 59.185
-197.480, -500.436, 20.304, 59.218
-197.583, -501.105, 20.306, 59.251
-197.686, -501.774, 20.309, 59.284
-197.789, -502.443, 20.310, 59.317
-197.891, -503.113, 20.311, 59.350
-197.993, -503.782, 20.311, 59.383
-198.094, -504.451, 20.311, 59.416
-198.196, -505.121, 20.310, 59.449
-198.296, -505.790, 20.309, 59.482
-198.397, -506.459, 20.307, 59.515
-198.497, -507.129, 20.305, 59.548
-198.597, -507.798, 20.303, 59.581
-198.697, -508.467, 20.301, 59.614
-198.796, -509.137, 20.298, 59.647
-198.895, -509.806, 20.296, 59.680
-198.993, -510.475, 20.293, 59.713
-199.092, -511.144, 20.291, 59.746
-199.190, -511.813, 20.288, 59.779
-199.287, -512.482, 20.286, 59.812
-199.385, -513.151, 20.283, 59.845
-199.482, -513.821, 20.281, 59.878
-199.578, -514.490, 20.279, 59.911
-199.675, -515.159, 20.277, 59.944
-199.771, -515.828, 20.276, 59.977
-199.866, -516.497, 20.274, 60.010
-199.962, -517.166, 20.273, 60.043
-200.057, -517.835, 20.272, 60.076
-200.152, -518.504, 20.272, 60.109
-200.247, -519.173, 20.271, 60.142
-200.341, -519.842, 20.271, 60.175
-200.435, -520.511, 20.271, 60.208
-200.529, -521.180, 20.271, 60.241
-200.622, -521.849, 20.272, 60.274
-200.715, -522.519, 20.272, 60.307
-200.808, -523.188, 20.273, 60.340
-200.901, -523.857, 20.273, 60.373
-200.993, -524.527, 20.274, 60.406
-201.085, -525.196, 20.274, 60.439
-201.177, -525.866, 20.273, 60.472
-201.268, -526.535, 20.270, 60.505
-201.359, -527.205, 20.265, 60.538
-201.450, -527.874, 20.257, 60.571
-201.540, -528.543, 20.246, 60.604
-201.630, -529.211, 20.232, 60.637
-201.720, -529.879, 20.215, 60.670
-201.809, -530.546, 20.196, 60.703
-201.898, -531.213, 20.173, 60.736
-201.986, -531.879, 20.147, 60.769
-202.075, -532.544, 20.119, 60.802
-202.162, -533.207, 20.087, 60.835
-202.249, -533.870, 20.054, 60.868
-202.336, -534.532, 20.018, 60.901
-202.422, -535.193, 19.981, 60.934
-202.508, -535.852, 19.942, 60.967
-202.593, -536.510, 19.901, 61.000
-202.678, -537.167, 19.860, 61.033
-202.762, -537.822, 19.817, 61.066
-202.846, -538.476, 19.774, 61.099
-202.929, -539.129, 19.730, 61.132
-203.012, -539.780, 19.687, 61.165
-203.094, -540.430, 19.643, 61.198
-203.176, -541.078, 19.600, 61.231
-203.257, -541.725, 19.557, 61.264
-203.338, -542.371, 19.514, 61.297
-203.419, -543.015, 19.472, 61.330
-203.499, -543.658, 19.432, 61.363
-203.578, -544.300, 19.392, 61.396
-203.657, -544.941, 19.353, 61.429
-203.736, -545.580, 19.315, 61.462
-203.814, -546.218, 19.278, 61.495
-203.891, -546.855, 19.242, 61.528
-203.969, -547.491, 19.207, 61.561
-204.046, -548.126, 19.173, 61.594
-204.122, -548.760, 19.140, 61.627
-204.198, -549.392, 19.109, 61.660
-204.273, -550.024, 19.078, 61.693
-204.349, -550.655, 19.047, 61.726
-204.423, -551.285, 19.018, 61.759
-204.498, -551.913, 18.989, 61.792
-204.572, -552.541, 18.961, 61.825
-204.645, -553.169, 18.933, 61.858
-204.718, -553.795, 18.906, 61.891
-204.791, -554.420, 18.878, 61.924
-204.864, -555.044, 18.852, 61.957
-204.936, -555.668, 18.825, 61.990
-205.007, -556.291, 18.798, 62.023
-205.079, -556.913, 18.771, 62.056
-205.150, -557.534, 18.744, 62.089
-205.220, -558.154, 18.717, 62.122
-205.290, -558.773, 18.690, 62.155
-205.360, -559.392, 18.662, 62.188
-205.429, -560.009, 18.635, 62.221
-205.498, -560.626, 18.607, 62.254
-205.567, -561.241, 18.579, 62.287
-205.635, -561.856, 18.550, 62.320
-205.703, -562.470, 18.521, 62.353
-205.771, -563.083, 18.492, 62.386
-205.838, -563.695, 18.463, 62.419
-205.904, -564.306, 18.433, 62.452
-205.971, -564.916, 18.404, 62.485
-206.037, -565.525, 18.374, 62.518
-206.102, -566.133, 18.343, 62.551
-206.168, -566.741, 18.313, 62.584
-206.232, -567.347, 18.283, 62.617
-206.297, -567.952, 18.252, 62.650
-206.361, -568.556, 18.221, 62.683
-206.424, -569.160, 18.191, 62.716
-206.488, -569.762, 18.160, 62.749
-206.550, -570.363, 18.129, 62.782
-206.613, -570.963, 18.099, 62.815
-206.675, -571.563, 18.068, 62.848
-206.737, -572.161, 18.037, 62.881
-206.798, -572.758, 18.007, 62.914
-206.859, -573.355, 17.977, 62.947
-206.919, -573.950, 17.946, 62.980
-206.979, -574.545, 17.916, 63.013
-207.039, -575.138, 17.886, 63.046
-207.098, -575.731, 17.857, 63.079
-207.157, -576.322, 17.827, 63.112
-207.216, -576.913, 17.798, 63.145
-207.274, -577.503, 17.768, 63.178
-207.331, -578.091, 17.739, 63.211
-207.389, -578.679, 17.710, 63.244
-207.446, -579.266, 17.681, 63.277
-207.502, -579.852, 17.652, 63.310
-207.558, -580.437, 17.624, 63.343
-207.614, -581.021, 17.595, 63.376
-207.669, -581.604, 17.567, 63.409
-207.724, -582.186, 17.539, 63.442
-207.779, -582.768, 17.511, 63.475
-207.833, -583.348, 17.482, 63.508
-207.887, -583.928, 17.454, 63.541
-207.940, -584.507, 17.426, 63.574
-207.993, -585.084, 17.399, 63.607
-208.046, -585.661, 17.371, 63.640
-208.098, -586.237, 17.343, 63.673
-208.150, -586.812, 17.315, 63.706
-208.201, -587.386, 17.287, 63.739
-208.252, -587.960, 17.260, 63.772
-208.303, -588.532, 17.232, 63.805
-208.353, -589.104, 17.204, 63.838
-208.403, -589.674, 17.177, 63.871
-208.452, -590.244, 17.149, 63.904
-208.501, -590.813, 17.122, 63.937
-208.550, -591.381, 17.094, 63.970
-208.598, -591.948, 17.067, 64.003
-208.646, -592.514, 17.039, 64.036
-208.693, -593.079, 17.011, 64.069
-208.740, -593.644, 16.984, 64.102
-208.786, -594.207, 16.956, 64.135
-208.833, -594.770, 16.929, 64.168
-208.878, -595.332, 16.902, 64.201
-208.924, -595.893, 16.874, 64.234
-208.968, -596.453, 16.847, 64.267
-209.013, -597.012, 16.820, 64.300
-209.057, -597.570, 16.792, 64.333
-209.101, -598.127, 16.765, 64.366
-209.144, -598.684, 16.738, 64.399
-209.187, -599.239, 16.711, 64.432
-209.229, -599.794, 16.683, 64.465
-209.271, -600.348, 16.656, 64.498
-209.312, -600.901, 16.629, 64.531
-209.353, -601.453, 16.602, 64.564
-209.394, -602.004, 16.575, 64.597
-209.434, -602.555, 16.548, 64.630
-209.474, -603.104, 16.522, 64.663
-209.513, -603.653, 16.495, 64.696
-209.552, -604.200, 16.468, 64.729
-209.591, -604.747, 16.441, 64.762
-209.629, -605.293, 16.415, 64.795
-209.666, -605.839, 16.388, 64.828
-209.704, -606.383, 16.362, 64.861
-209.740, -606.926, 16.335, 64.894
-209.777, -607.469, 16.309, 64.927
-209.812, -608.011, 16.283, 64.960
-209.848, -608.552, 16.256, 64.993
-209.883, -609.092, 16.230, 65.026
-209.917, -609.631, 16.204, 65.059
-209.951, -610.170, 16.178, 65.092
-209.984, -610.707, 16.152, 65.125
-210.018, -611.244, 16.126, 65.158
-210.050, -611.780, 16.100, 65.191
-210.082, -612.315, 16.074, 65.224
-210.114, -612.849, 16.048, 65.257
-210.145, -613.382, 16.022, 65.290
-210.175, -613.915, 15.996, 65.323
-210.206, -614.447, 15.970, 65.356
-210.235, -614.977, 15.945, 65.389
-210.264, -615.508, 15.919, 65.422
-210.293, -616.037, 15.893, 65.455
-210.321, -616.565, 15.868, 65.488
-210.349, -617.093, 15.842, 65.521
-210.376, -617.619, 15.817, 65.554
-210.403, -618.145, 15.791, 65.587
-210.429, -618.670, 15.766, 65.620
-210.455, -619.195, 15.740, 65.653
-210.480, -619.718, 15.715, 65.686
-210.504, -620.241, 15.690, 65.719
-210.528, -620.762, 15.664, 65.752
-210.552, -621.283, 15.639, 65.785
-210.575, -621.804, 15.614, 65.818
-210.597, -622.323, 15.589, 65.851
-210.619, -622.841, 15.564, 65.884
-210.640, -623.359, 15.539, 65.917
-210.661, -623.876, 15.514, 65.950
-210.681, -624.392, 15.489, 65.983
-210.700, -624.907, 15.464, 66.016
-210.719, -625.422, 15.439, 66.049
-210.738, -625.936, 15.414, 66.082
-210.756, -626.448, 15.389, 66.115
-210.773, -626.961, 15.364, 66.148
-210.789, -627.472, 15.340, 66.181
-210.805, -627.982, 15.315, 66.214
-210.820, -628.492, 15.290, 66.247
-210.835, -629.001, 15.266, 66.280
-210.849, -629.509, 15.241, 66.313
-210.863, -630.016, 15.217, 66.346
-210.875, -630.522, 15.192, 66.379
-210.887, -631.028, 15.168, 66.412
-210.899, -631.533, 15.143, 66.445
-210.909, -632.037, 15.119, 66.478
-210.919, -632.540, 15.095, 66.511
-210.929, -633.043, 15.070, 66.544
-210.937, -633.544, 15.046, 66.577
-210.945, -634.045, 15.022, 66.610
-210.952, -634.545, 14.998, 66.643
-210.959, -635.044, 14.974, 66.676
-210.964, -635.543, 14.950, 66.709
-210.969, -636.041, 14.926, 66.742
-210.973, -636.538, 14.902, 66.775
-210.977, -637.034, 14.878, 66.808
-210.979, -637.529, 14.854, 66.841
-210.981, -638.024, 14.830, 66.874
-210.982, -638.517, 14.806, 66.907
-210.981, -639.010, 14.783, 66.940
-210.981, -639.502, 14.759, 66.973
-210.979, -639.994, 14.735, 67.006
-210.976, -640.484, 14.712, 67.039
-210.973, -640.974, 14.688, 67.072
-210.968, -641.463, 14.664, 67.105
-210.962, -641.951, 14.641, 67.138
-210.956, -642.438, 14.617, 67.171
-210.948, -642.925, 14.594, 67.204
-210.940, -643.411, 14.570, 67.237
-210.930, -643.896, 14.547, 67.270
-210.920, -644.380, 14.524, 67.303
-210.908, -644.863, 14.500, 67.336
-210.895, -645.346, 14.477, 67.369
-210.881, -645.828, 14.454, 67.402
-210.866, -646.309, 14.431, 67.435
-210.849, -646.789, 14.408, 67.468
-210.831, -647.268, 14.384, 67.501
-210.812, -647.747, 14.361, 67.534
-210.792, -648.224, 14.338, 67.567
-210.770, -648.701, 14.315, 67.600
-210.747, -649.177, 14.292, 67.633
-210.722, -649.652, 14.269, 67.666
-210.696, -650.127, 14.247, 67.699
-210.669, -650.600, 14.224, 67.732
-210.639, -651.073, 14.201, 67.765
-210.608, -651.544, 14.178, 67.798
-210.576, -652.015, 14.155, 67.831
-210.541, -652.485, 14.132, 67.864
-210.505, -652.954, 14.110, 67.897
-210.467, -653.422, 14.087, 67.930
-210.426, -653.889, 14.064, 67.963
-210.384, -654.356, 14.042, 67.996
-210.339, -654.821, 14.019, 68.029
-210.293, -655.285, 13.996, 68.062
-210.244, -655.748, 13.974, 68.095
-210.192, -656.211, 13.951, 68.128
-210.139, -656.672, 13.929, 68.161
-210.082, -657.132, 13.906, 68.194
-210.024, -657.591, 13.884, 68.227
-209.963, -658.049, 13.862, 68.260
-209.899, -658.506, 13.839, 68.293
-209.833, -658.962, 13.817, 68.326
-209.765, -659.417, 13.795, 68.359
-209.694, -659.871, 13.773, 68.392
-209.621, -660.323, 13.752, 68.425
-209.546, -660.775, 13.730, 68.458
-209.469, -661.225, 13.708, 68.491
-209.389, -661.674, 13.687, 68.524
-209.307, -662.122, 13.665, 68.557
-209.222, -662.569, 13.644, 68.590
-209.136, -663.015, 13.622, 68.623
-209.048, -663.460, 13.601, 68.656
-208.958, -663.904, 13.580, 68.689
-208.865, -664.346, 13.558, 68.722
-208.772, -664.788, 13.537, 68.755
-208.676, -665.228, 13.516, 68.788
-208.579, -665.667, 13.495, 68.821
-208.480, -666.105, 13.473, 68.854
-208.380, -666.542, 13.452, 68.887
-208.278, -666.979, 13.431, 68.920
-208.175, -667.414, 13.410, 68.953
-208.070, -667.848, 13.389, 68.986
-207.964, -668.281, 13.368, 69.019
-207.857, -668.712, 13.346, 69.052
-207.749, -669.143, 13.325, 69.085
-207.640, -669.573, 13.304, 69.118
-207.530, -670.002, 13.283, 69.151
-207.419, -670.430, 13.262, 69.184
-207.306, -670.857, 13.240, 69.217
-207.193, -671.283, 13.219, 69.250
-207.079, -671.708, 13.198, 69.283
-206.965, -672.132, 13.177, 69.316
-206.849, -672.556, 13.156, 69.349
-206.733, -672.978, 13.135, 69.382
-206.615, -673.399, 13.114, 69.415
-206.497, -673.820, 13.093, 69.448
-206.379, -674.239, 13.072, 69.481
-206.259, -674.657, 13.051, 69.514
-206.139, -675.075, 13.030, 69.547
-206.018, -675.492, 13.010, 69.580
-205.896, -675.907, 12.989, 69.613
-205.774, -676.322, 12.968, 69.646
-205.651, -676.736, 12.947, 69.679
-205.527, -677.149, 12.927, 69.712
-205.402, -677.560, 12.906, 69.745
-205.277, -677.971, 12.886, 69.778
-205.150, -678.381, 12.865, 69.811
-205.023, -678.790, 12.845, 69.844
-204.895, -679.198, 12.824, 69.877
-204.767, -679.605, 12.804, 69.910
-204.637, -680.011, 12.784, 69.943
-204.506, -680.417, 12.763, 69.976
-204.375, -680.821, 12.743, 70.009
-204.242, -681.224, 12.723, 70.042
-204.109, -681.626, 12.703, 70.075
-203.975, -682.027, 12.682, 70.108
-203.839, -682.426, 12.662, 70.141
-203.703, -682.825, 12.642, 70.174
-203.565, -683.223, 12.622, 70.207
-203.427, -683.620, 12.602, 70.240
-203.287, -684.015, 12.582, 70.273
-203.146, -684.410, 12.562, 70.306
-203.004, -684.803, 12.542, 70.339
-202.860, -685.195, 12.522, 70.372
-202.716, -685.586, 12.502, 70.405
-202.570, -685.976, 12.483, 70.438
-202.423, -686.365, 12.463, 70.471
-202.274, -686.752, 12.443, 70.504
-202.125, -687.138, 12.423, 70.537
-201.973, -687.523, 12.404, 70.570
-201.821, -687.907, 12.384, 70.603
-201.667, -688.289, 12.364, 70.636
-201.512, -688.670, 12.345, 70.669
-201.355, -689.050, 12.325, 70.702
-201.196, -689.429, 12.305, 70.735
-201.037, -689.806, 12.286, 70.768
-200.875, -690.182, 12.266, 70.801
-200.712, -690.556, 12.247, 70.834
-200.548, -690.929, 12.228, 70.867
-200.382, -691.300, 12.208, 70.900
-200.214, -691.671, 12.189, 70.933
-200.045, -692.039, 12.170, 70.966
-199.874, -692.407, 12.150, 70.999
-199.701, -692.772, 12.131, 71.032
-199.527, -693.136, 12.112, 71.065
-199.351, -693.499, 12.093, 71.098
-199.173, -693.860, 12.074, 71.131
-198.994, -694.220, 12.055, 71.164
-198.813, -694.578, 12.036, 71.197
-198.630, -694.934, 12.017, 71.230
-198.445, -695.289, 11.998, 71.263
-198.259, -695.642, 11.979, 71.296
-198.071, -695.994, 11.960, 71.329
-197.881, -696.344, 11.942, 71.362
-197.689, -696.692, 11.923, 71.395
-197.495, -697.038, 11.905, 71.428
-197.300, -697.383, 11.886, 71.461
-197.103, -697.726, 11.868, 71.494
-196.904, -698.067, 11.849, 71.527
-196.703, -698.406, 11.831, 71.560
-196.500, -698.743, 11.813, 71.593
-196.295, -699.079, 11.795, 71.626
-196.088, -699.413, 11.776, 71.659
-195.880, -699.745, 11.758, 71.692
-195.669, -700.075, 11.740, 71.725
-195.457, -700.403, 11.722, 71.758
-195.243, -700.729, 11.704, 71.791
-195.027, -701.053, 11.686, 71.824
-194.809, -701.375, 11.668, 71.857
-194.589, -701.695, 11.650, 71.890
-194.367, -702.013, 11.632, 71.923
-194.143, -702.328, 11.614, 71.956
-193.917, -702.642, 11.596, 71.989
-193.689, -702.954, 11.578, 72.022
-193.460, -703.263, 11.560, 72.055
-193.228, -703.570, 11.543, 72.088
-192.995, -703.875, 11.525, 72.121
-192.759, -704.178, 11.507, 72.154
-192.522, -704.478, 11.489, 72.187
-192.283, -704.776, 11.471, 72.220
-192.041, -705.072, 11.454, 72.253
-191.798, -705.366, 11.436, 72.286
-191.553, -705.657, 11.419, 72.319
-191.306, -705.946, 11.401, 72.352
-191.057, -706.232, 11.383, 72.385
-190.806, -706.516, 11.366, 72.418
-190.554, -706.797, 11.348, 72.451
-190.299, -707.076, 11.331, 72.484
-190.042, -707.352, 11.313, 72.517
-189.784, -707.626, 11.296, 72.550
-189.524, -707.897, 11.279, 72.583
-189.262, -708.165, 11.261, 72.616
-188.998, -708.431, 11.244, 72.649
-188.732, -708.695, 11.227, 72.682
-188.464, -708.955, 11.210, 72.715
-188.195, -709.213, 11.192, 72.748
-187.923, -709.468, 11.175, 72.781
-187.650, -709.720, 11.158, 72.814
-187.376, -709.970, 11.141, 72.847
-187.099, -710.217, 11.124, 72.880
-186.821, -710.461, 11.107, 72.913
-186.541, -710.702, 11.090, 72.946
-186.259, -710.941, 11.073, 72.979
-185.976, -711.176, 11.056, 73.012
-185.691, -711.409, 11.039, 73.045
-185.404, -711.638, 11.022, 73.078
-185.116, -711.865, 11.005, 73.111
-184.826, -712.089, 10.989, 73.144
-184.535, -712.310, 10.972, 73.177
-184.242, -712.527, 10.955, 73.210
-183.947, -712.742, 10.938, 73.243
-183.652, -712.954, 10.922, 73.276
-183.354, -713.163, 10.905, 73.309
-183.056, -713.369, 10.889, 73.342
-182.755, -713.572, 10.872, 73.375
-182.454, -713.772, 10.856, 73.408
-182.151, -713.968, 10.839, 73.441
-181.847, -714.162, 10.823, 73.474
-181.542, -714.353, 10.806, 73.507
-181.235, -714.541, 10.790, 73.540
-180.927, -714.725, 10.773, 73.573
-180.618, -714.907, 10.757, 73.606
-180.308, -715.085, 10.741, 73.639
-179.996, -715.260, 10.724, 73.672
-179.684, -715.432, 10.708, 73.705
-179.370, -715.601, 10.692, 73.738
-179.056, -715.768, 10.676, 73.771
-178.740, -715.931, 10.660, 73.804
-178.424, -716.091, 10.644, 73.837
-178.106, -716.248, 10.628, 73.870
-177.788, -716.402, 10.612, 73.903
-177.469, -716.553, 10.595, 73.936
-177.149, -716.701, 10.580, 73.969
-176.828, -716.846, 10.564, 74.002
-176.507, -716.988, 10.547, 74.035
-176.185, -717.127, 10.532, 74.068
-175.862, -717.263, 10.516, 74.101
-175.538, -717.396, 10.500, 74.134
-175.214, -717.526, 10.484, 74.167
-174.889, -717.653, 10.468, 74.200
-174.563, -717.777, 10.452, 74.233
-174.238, -717.898, 10.437, 74.266
-173.911, -718.016, 10.421, 74.299
-173.584, -718.132, 10.405, 74.332
-173.257, -718.244, 10.389, 74.365
-172.929, -718.354, 10.374, 74.398
-172.601, -718.461, 10.358, 74.431
-172.272, -718.565, 10.343, 74.464
-171.943, -718.666, 10.327, 74.497
-171.614, -718.765, 10.311, 74.530
-171.284, -718.860, 10.296, 74.563
-170.955, -718.953, 10.280, 74.596
-170.625, -719.044, 10.265, 74.629
-170.295, -719.131, 10.249, 74.662
-169.964, -719.216, 10.234, 74.695
-169.634, -719.298, 10.218, 74.728
-169.303, -719.378, 10.203, 74.761
-168.973, -719.455, 10.187, 74.794
-168.642, -719.529, 10.172, 74.827
-168.311, -719.600, 10.156, 74.860
-167.980, -719.668, 10.140, 74.893
-167.649, -719.734, 10.125, 74.926
-167.318, -719.796, 10.109, 74.959
-166.987, -719.856, 10.094, 74.992
-166.656, -719.913, 10.078, 75.025
-166.325, -719.967, 10.063, 75.058
-165.994, -720.018, 10.047, 75.091
-165.663, -720.066, 10.031, 75.124
-165.332, -720.111, 10.016, 75.157
-165.002, -720.153, 10.001, 75.190
-164.671, -720.191, 9.986, 75.223
-164.341, -720.227, 9.973, 75.256
-164.011, -720.260, 9.961, 75.289
-163.680, -720.289, 9.951, 75.322
-163.350, -720.315, 9.944, 75.355
-163.020, -720.339, 9.941, 75.388
-162.689, -720.359, 9.941, 75.421
-162.358, -720.375, 9.945, 75.454
-162.027, -720.389, 9.952, 75.487
-161.695, -720.400, 9.962, 75.520
-161.363, -720.407, 9.976, 75.553
-161.030, -720.411, 9.993, 75.586
-160.697, -720.412, 10.012, 75.619
-160.363, -720.410, 10.035, 75.652
-160.028, -720.405, 10.060, 75.685
-159.692, -720.396, 10.087, 75.718
-159.355, -720.384, 10.116, 75.751
-159.017, -720.369, 10.147, 75.784
-158.679, -720.350, 10.179, 75.817
-158.340, -720.328, 10.213, 75.850
-157.999, -720.303, 10.247, 75.883
-157.658, -720.275, 10.283, 75.916
-157.316, -720.243, 10.319, 75.949
-156.973, -720.208, 10.356, 75.982
-156.629, -720.169, 10.392, 76.015
-156.285, -720.128, 10.430, 76.048
-155.939, -720.083, 10.467, 76.081
-155.593, -720.034, 10.504, 76.114
-155.246, -719.982, 10.542, 76.147
-154.898, -719.928, 10.579, 76.180
-154.550, -719.869, 10.616, 76.213
-154.200, -719.808, 10.653, 76.246
-153.851, -719.743, 10.689, 76.279
-153.500, -719.675, 10.726, 76.312
-153.149, -719.604, 10.761, 76.345
-152.798, -719.529, 10.797, 76.378
-152.445, -719.452, 10.832, 76.411
-152.093, -719.371, 10.867, 76.444
-151.740, -719.287, 10.901, 76.477
-151.387, -719.200, 10.936, 76.510
-151.033, -719.110, 10.970, 76.543
-150.679, -719.016, 11.003, 76.576
-150.324, -718.920, 11.037, 76.609
-149.969, -718.820, 11.070, 76.642
-149.614, -718.718, 11.103, 76.675
-149.259, -718.612, 11.137, 76.708
-148.903, -718.504, 11.170, 76.741
-148.547, -718.392, 11.204, 76.774
-148.191, -718.278, 11.237, 76.807
-147.835, -718.161, 11.270, 76.840
-147.478, -718.041, 11.303, 76.873
-147.121, -717.918, 11.337, 76.906
-146.764, -717.792, 11.370, 76.939
-146.407, -717.663, 11.404, 76.972
-146.050, -717.532, 11.438, 77.005
-145.692, -717.397, 11.471, 77.038
-145.335, -717.260, 11.503, 77.071
-144.977, -717.120, 11.534, 77.104
-144.619, -716.978, 11.562, 77.137
-144.262, -716.833, 11.586, 77.170
-143.905, -716.685, 11.608, 77.203
-143.548, -716.535, 11.625, 77.236
-143.192, -716.382, 11.639, 77.269
-142.836, -716.227, 11.649, 77.302
-142.482, -716.070, 11.654, 77.335
-142.128, -715.910, 11.656, 77.368
-141.775, -715.748, 11.654, 77.401
-141.423, -715.585, 11.649, 77.434
-141.073, -715.419, 11.640, 77.467
-140.724, -715.251, 11.628, 77.500
-140.376, -715.081, 11.614, 77.533
-140.030, -714.910, 11.598, 77.566
-139.686, -714.736, 11.579, 77.599
-139.343, -714.561, 11.559, 77.632
-139.001, -714.384, 11.538, 77.665
-138.662, -714.206, 11.515, 77.698
-138.324, -714.026, 11.492, 77.731
-137.988, -713.844, 11.468, 77.764
-137.653, -713.660, 11.444, 77.797
-137.321, -713.476, 11.420, 77.830
-136.990, -713.289, 11.396, 77.863
-136.661, -713.101, 11.372, 77.896
-136.334, -712.911, 11.348, 77.929
-136.008, -712.720, 11.325, 77.962
-135.684, -712.528, 11.303, 77.995
-135.362, -712.334, 11.281, 78.028
-135.042, -712.138, 11.260, 78.061
-134.723, -711.941, 11.240, 78.094
-134.406, -711.743, 11.220, 78.127
-134.091, -711.542, 11.202, 78.160
-133.777, -711.341, 11.183, 78.193
-133.465, -711.138, 11.166, 78.226
-133.155, -710.933, 11.149, 78.259
-132.846, -710.727, 11.133, 78.292
-132.539, -710.520, 11.117, 78.325
-132.234, -710.311, 11.102, 78.358
-131.930, -710.100, 11.087, 78.391
-131.628, -709.888, 11.072, 78.424
-131.327, -709.675, 11.058, 78.457
-131.028, -709.460, 11.044, 78.490
-130.731, -709.243, 11.031, 78.523
-130.436, -709.025, 11.017, 78.556
-130.142, -708.806, 11.004, 78.589
-129.849, -708.585, 10.990, 78.622
-129.559, -708.363, 10.977, 78.655
-129.270, -708.139, 10.964, 78.688
-128.983, -707.913, 10.950, 78.721
-128.698, -707.686, 10.937, 78.754
-128.414, -707.458, 10.923, 78.787
-128.133, -707.228, 10.910, 78.820
-127.853, -706.996, 10.896, 78.853
-127.575, -706.763, 10.883, 78.886
-127.299, -706.529, 10.869, 78.919
-127.024, -706.293, 10.855, 78.952
-126.752, -706.055, 10.841, 78.985
-126.482, -705.816, 10.827, 79.018
-126.213, -705.576, 10.813, 79.051
-125.947, -705.334, 10.799, 79.084
-125.682, -705.090, 10.785, 79.117
-125.420, -704.845, 10.770, 79.150
-125.160, -704.599, 10.756, 79.183
-124.902, -704.351, 10.741, 79.216
-124.646, -704.101, 10.727, 79.249
-124.392, -703.850, 10.712, 79.282
-124.141, -703.597, 10.698, 79.315
-123.891, -703.343, 10.683, 79.348
-123.644, -703.087, 10.669, 79.381
-123.400, -702.830, 10.654, 79.414
-123.157, -702.571, 10.639, 79.447
-122.917, -702.311, 10.625, 79.480
-122.680, -702.049, 10.610, 79.513
-122.445, -701.785, 10.596, 79.546
-122.212, -701.520, 10.581, 79.579
-121.982, -701.254, 10.567, 79.612
-121.755, -700.985, 10.552, 79.645
-121.530, -700.716, 10.538, 79.678
-121.308, -700.444, 10.523, 79.711
-121.089, -700.171, 10.509, 79.744
-120.872, -699.897, 10.495, 79.777
-120.659, -699.620, 10.480, 79.810
-120.448, -699.342, 10.466, 79.843
-120.240, -699.063, 10.452, 79.876
-120.035, -698.782, 10.438, 79.909
-119.833, -698.500, 10.424, 79.942
-119.635, -698.215, 10.409, 79.975
-119.439, -697.929, 10.395, 80.008
-119.246, -697.642, 10.381, 80.041
-119.057, -697.353, 10.368, 80.074
-118.871, -697.063, 10.353, 80.107
-118.688, -696.771, 10.340, 80.140
-118.508, -696.477, 10.326, 80.173
-118.332, -696.182, 10.312, 80.206
-118.159, -695.886, 10.299, 80.239
-117.989, -695.589, 10.286, 80.272
-117.823, -695.290, 10.275, 80.305
-117.659, -694.989, 10.265, 80.338
-117.499, -694.688, 10.259, 80.371
-117.342, -694.384, 10.256, 80.404
-117.188, -694.079, 10.257, 80.437
-117.037, -693.773, 10.261, 80.470
-116.888, -693.465, 10.269, 80.503
-116.743, -693.155, 10.280, 80.536
-116.601, -692.842, 10.294, 80.569
-116.461, -692.529, 10.312, 80.602
-116.324, -692.213, 10.332, 80.635
-116.190, -691.895, 10.355, 80.668
-116.059, -691.575, 10.382, 80.701
-115.930, -691.253, 10.410, 80.734
-115.804, -690.929, 10.440, 80.767
-115.681, -690.603, 10.473, 80.800
-115.560, -690.275, 10.506, 80.833
-115.442, -689.944, 10.541, 80.866
-115.326, -689.612, 10.577, 80.899
-115.213, -689.277, 10.614, 80.932
-115.103, -688.940, 10.651, 80.965
-114.995, -688.601, 10.690, 80.998
-114.889, -688.260, 10.729, 81.031
-114.787, -687.916, 10.767, 81.064
-114.686, -687.571, 10.806, 81.097
-114.588, -687.223, 10.845, 81.130
-114.493, -686.874, 10.884, 81.163
-114.400, -686.522, 10.923, 81.196
-114.309, -686.169, 10.961, 81.229
-114.222, -685.813, 10.999, 81.262
-114.136, -685.456, 11.037, 81.295
-114.053, -685.097, 11.074, 81.328
-113.972, -684.736, 11.112, 81.361
-113.893, -684.373, 11.149, 81.394
-113.817, -684.009, 11.185, 81.427
-113.743, -683.643, 11.221, 81.460
-113.671, -683.275, 11.257, 81.493
-113.602, -682.906, 11.292, 81.526
-113.535, -682.534, 11.328, 81.559
-113.470, -682.162, 11.363, 81.592
-113.408, -681.788, 11.397, 81.625
-113.347, -681.412, 11.432, 81.658
-113.289, -681.035, 11.467, 81.691
-113.233, -680.656, 11.502, 81.724
-113.179, -680.276, 11.536, 81.757
-113.127, -679.894, 11.571, 81.790
-113.077, -679.511, 11.606, 81.823
-113.029, -679.126, 11.640, 81.856
-112.983, -678.740, 11.676, 81.889
-112.939, -678.353, 11.711, 81.922
-112.897, -677.964, 11.746, 81.955
-112.856, -677.574, 11.781, 81.988
-112.818, -677.182, 11.817, 82.021
-112.782, -676.789, 11.853, 82.054
-112.747, -676.395, 11.889, 82.087
-112.714, -675.999, 11.925, 82.120
-112.683, -675.602, 11.962, 82.153
-112.654, -675.203, 11.999, 82.186
-112.627, -674.804, 12.036, 82.219
-112.601, -674.402, 12.073, 82.252
-112.577, -674.000, 12.110, 82.285
-112.555, -673.596, 12.148, 82.318
-112.534, -673.191, 12.186, 82.351
-112.516, -672.784, 12.224, 82.384
-112.499, -672.376, 12.263, 82.417
-112.483, -671.967, 12.301, 82.450
-112.469, -671.556, 12.340, 82.483
-112.457, -671.144, 12.379, 82.516
-112.446, -670.730, 12.418, 82.549
-112.437, -670.316, 12.458, 82.582
-112.430, -669.900, 12.497, 82.615
-112.424, -669.482, 12.537, 82.648
-112.420, -669.063, 12.577, 82.681
-112.417, -668.643, 12.617, 82.714
-112.416, -668.222, 12.657, 82.747
-112.416, -667.799, 12.697, 82.780
-112.418, -667.375, 12.737, 82.813
-112.421, -666.949, 12.778, 82.846
-112.426, -666.522, 12.819, 82.879
-112.432, -666.094, 12.859, 82.912
-112.440, -665.664, 12.900, 82.945
-112.449, -665.233, 12.941, 82.978
-112.460, -664.801, 12.982, 83.011
-112.472, -664.368, 13.024, 83.044
-112.486, -663.933, 13.065, 83.077
-112.501, -663.497, 13.107, 83.110
-112.518, -663.059, 13.148, 83.143
-112.536, -662.620, 13.190, 83.176
-112.555, -662.180, 13.232, 83.209
-112.576, -661.738, 13.274, 83.242
-112.598, -661.295, 13.316, 83.275
-112.622, -660.851, 13.358, 83.308
-112.647, -660.405, 13.401, 83.341
-112.673, -659.958, 13.444, 83.374
-112.701, -659.510, 13.486, 83.407
-112.730, -659.061, 13.529, 83.440
-112.761, -658.610, 13.572, 83.473
-112.793, -658.157, 13.615, 83.506
-112.826, -657.704, 13.658, 83.539
-112.861, -657.249, 13.702, 83.572
-112.897, -656.792, 13.745, 83.605
-112.934, -656.334, 13.789, 83.638
-112.972, -655.875, 13.833, 83.671
-113.012, -655.415, 13.877, 83.704
-113.054, -654.953, 13.921, 83.737
-113.096, -654.490, 13.966, 83.770
-113.140, -654.025, 14.010, 83.803
-113.185, -653.559, 14.055, 83.836
-113.232, -653.092, 14.100, 83.869
-113.279, -652.623, 14.145, 83.902
-113.328, -652.153, 14.190, 83.935
-113.379, -651.682, 14.235, 83.968
-113.430, -651.209, 14.281, 84.001
-113.483, -650.735, 14.326, 84.034
-113.537, -650.259, 14.372, 84.067
-113.592, -649.782, 14.418, 84.100
-113.648, -649.304, 14.464, 84.133
-113.706, -648.824, 14.510, 84.166
-113.765, -648.343, 14.557, 84.199
-113.825, -647.860, 14.604, 84.232
-113.886, -647.376, 14.650, 84.265
-113.949, -646.891, 14.697, 84.298
-114.013, -646.404, 14.744, 84.331
-114.077, -645.915, 14.792, 84.364
-114.144, -645.425, 14.839, 84.397
-114.211, -644.934, 14.887, 84.430
-114.279, -644.441, 14.935, 84.463
-114.349, -643.947, 14.982, 84.496
-114.419, -643.452, 15.031, 84.529
-114.491, -642.955, 15.079, 84.562
-114.564, -642.456, 15.127, 84.595
-114.638, -641.956, 15.176, 84.628
-114.713, -641.455, 15.225, 84.661
-114.790, -640.952, 15.274, 84.694
-114.867, -640.447, 15.323, 84.727
-114.945, -639.941, 15.372, 84.760
-115.025, -639.434, 15.421, 84.793
-115.105, -638.925, 15.471, 84.826
-115.187, -638.414, 15.521, 84.859
-115.270, -637.902, 15.571, 84.892
-115.353, -637.389, 15.621, 84.925
-115.438, -636.874, 15.671, 84.958
-115.524, -636.357, 15.722, 84.991
-115.611, -635.839, 15.772, 85.024
-115.699, -635.320, 15.823, 85.057
-115.787, -634.798, 15.874, 85.090
-115.877, -634.275, 15.925, 85.123
-115.968, -633.751, 15.977, 85.156
-116.060, -633.225, 16.028, 85.189
-116.153, -632.698, 16.080, 85.222
-116.246, -632.169, 16.132, 85.255
-116.341, -631.638, 16.184, 85.288
-116.437, -631.106, 16.236, 85.321
-116.533, -630.572, 16.289, 85.354
-116.631, -630.036, 16.341, 85.387
-116.729, -629.499, 16.394, 85.420
-116.828, -628.960, 16.447, 85.453
-116.928, -628.420, 16.500, 85.486
-117.029, -627.878, 16.553, 85.519
-117.131, -627.334, 16.604, 85.552
-117.234, -626.789, 16.654, 85.585
-117.338, -626.243, 16.699, 85.618
-117.442, -625.695, 16.739, 85.651
-117.547, -625.146, 16.773, 85.684
-117.653, -624.597, 16.801, 85.717
-117.759, -624.047, 16.823, 85.750
-117.866, -623.496, 16.838, 85.783
-117.974, -622.945, 16.846, 85.816
-118.081, -622.394, 16.846, 85.849
-118.190, -621.844, 16.840, 85.882
-118.298, -621.294, 16.827, 85.915
-118.407, -620.745, 16.808, 85.948
-118.516, -620.196, 16.782, 85.981
-118.626, -619.649, 16.752, 86.014
-118.735, -619.102, 16.718, 86.047
-118.845, -618.557, 16.679, 86.080
-118.954, -618.014, 16.638, 86.113
-119.064, -617.472, 16.593, 86.146
-119.174, -616.931, 16.547, 86.179
-119.283, -616.392, 16.499, 86.212
-119.393, -615.855, 16.450, 86.245
-119.503, -615.319, 16.401, 86.278
-119.612, -614.785, 16.351, 86.311
-119.721, -614.253, 16.302, 86.344
-119.830, -613.722, 16.254, 86.377
-119.939, -613.193, 16.207, 86.410
-120.048, -612.665, 16.161, 86.443
-120.157, -612.138, 16.116, 86.476
-120.266, -611.613, 16.074, 86.509
-120.374, -611.090, 16.033, 86.542
-120.483, -610.567, 15.995, 86.575
-120.591, -610.046, 15.958, 86.608
-120.699, -609.526, 15.923, 86.641
-120.807, -609.007, 15.891, 86.674
-120.914, -608.490, 15.860, 86.707
-121.022, -607.973, 15.832, 86.740
-121.129, -607.456, 15.805, 86.773
-121.236, -606.941, 15.780, 86.806
-121.343, -606.427, 15.756, 86.839
-121.450, -605.913, 15.734, 86.872
-121.557, -605.400, 15.713, 86.905
-121.663, -604.887, 15.693, 86.938
-121.770, -604.376, 15.674, 86.971
-121.876, -603.864, 15.655, 87.004
-121.981, -603.354, 15.637, 87.037
-122.087, -602.844, 15.619, 87.070
-122.192, -602.334, 15.601, 87.103
-122.297, -601.825, 15.584, 87.136
-122.402, -601.317, 15.566, 87.169
-122.507, -600.809, 15.548, 87.202
-122.611, -600.302, 15.530, 87.235
-122.715, -599.795, 15.512, 87.268
-122.818, -599.289, 15.493, 87.301
-122.921, -598.783, 15.473, 87.334
-123.024, -598.279, 15.453, 87.367
-123.127, -597.774, 15.433, 87.400
-123.229, -597.271, 15.412, 87.433
-123.330, -596.768, 15.391, 87.466
-123.432, -596.265, 15.369, 87.499
-123.533, -595.763, 15.346, 87.532
-123.633, -595.263, 15.323, 87.565
-123.733, -594.762, 15.300, 87.598
-123.832, -594.263, 15.276, 87.631
-123.931, -593.764, 15.252, 87.664
-124.030, -593.266, 15.228, 87.697
-124.128, -592.768, 15.203, 87.730
-124.225, -592.272, 15.178, 87.763
-124.322, -591.776, 15.153, 87.796
-124.418, -591.280, 15.128, 87.829
-124.514, -590.786, 15.103, 87.862
-124.609, -590.292, 15.078, 87.895
-124.704, -589.799, 15.053, 87.928
-124.798, -589.307, 15.028, 87.961
-124.891, -588.816, 15.003, 87.994
-124.984, -588.325, 14.978, 88.027
-125.076, -587.835, 14.953, 88.060
-125.168, -587.346, 14.928, 88.093
-125.259, -586.857, 14.904, 88.126
-125.349, -586.369, 14.879, 88.159
-125.438, -585.882, 14.855, 88.192
-125.527, -585.395, 14.831, 88.225
-125.615, -584.909, 14.807, 88.258
-125.702, -584.424, 14.784, 88.291
-125.789, -583.939, 14.760, 88.324
-125.874, -583.456, 14.737, 88.357
-125.959, -582.972, 14.714, 88.390
-126.044, -582.490, 14.691, 88.423
-126.127, -582.008, 14.668, 88.456
-126.210, -581.526, 14.645, 88.489
-126.291, -581.046, 14.623, 88.522
-126.372, -580.566, 14.601, 88.555
-126.452, -580.086, 14.578, 88.588
-126.532, -579.607, 14.556, 88.621
-126.610, -579.129, 14.534, 88.654
-126.687, -578.651, 14.512, 88.687
-126.764, -578.174, 14.490, 88.720
-126.839, -577.698, 14.468, 88.753
-126.914, -577.222, 14.446, 88.786
-126.987, -576.747, 14.424, 88.819
-127.060, -576.272, 14.402, 88.852
-127.131, -575.798, 14.380, 88.885
-127.201, -575.324, 14.358, 88.918
-127.271, -574.851, 14.336, 88.951
-127.339, -574.379, 14.314, 88.984
-127.406, -573.907, 14.292, 89.017
-127.472, -573.436, 14.270, 89.050
-127.537, -572.965, 14.248, 89.083
-127.601, -572.495, 14.226, 89.116
-127.663, -572.025, 14.204, 89.149
-127.724, -571.556, 14.183, 89.182
-127.784, -571.088, 14.161, 89.215
-127.843, -570.620, 14.139, 89.248
-127.900, -570.153, 14.117, 89.281
-127.957, -569.686, 14.095, 89.314
-128.011, -569.220, 14.073, 89.347
-128.065, -568.755, 14.051, 89.380
-128.117, -568.290, 14.029, 89.413
-128.167, -567.826, 14.008, 89.446
-128.216, -567.362, 13.986, 89.479
-128.264, -566.899, 13.964, 89.512
-128.310, -566.436, 13.942, 89.545
-128.354, -565.974, 13.921, 89.578
-128.397, -565.512, 13.899, 89.611
-128.438, -565.052, 13.877, 89.644
-128.478, -564.591, 13.856, 89.677
-128.515, -564.132, 13.834, 89.710
-128.552, -563.672, 13.813, 89.743
-128.586, -563.214, 13.791, 89.776
-128.618, -562.756, 13.770, 89.809
-128.649, -562.298, 13.748, 89.842
-128.678, -561.842, 13.727, 89.875
-128.705, -561.385, 13.706, 89.908
-128.730, -560.930, 13.684, 89.941
-128.753, -560.475, 13.663, 89.974
-128.773, -560.020, 13.642, 90.007
-128.792, -559.567, 13.621, 90.040
-128.809, -559.114, 13.600, 90.073
-128.823, -558.661, 13.579, 90.106
-128.836, -558.209, 13.558, 90.139
-128.846, -557.758, 13.537, 90.172
-128.854, -557.307, 13.516, 90.205
-128.860, -556.857, 13.495, 90.238
-128.863, -556.408, 13.474, 90.271
-128.865, -555.960, 13.454, 90.304
-128.864, -555.512, 13.433, 90.337
-128.861, -555.065, 13.412, 90.370
-128.856, -554.618, 13.392, 90.403
-128.849, -554.172, 13.371, 90.436
-128.840, -553.727, 13.351, 90.469
-128.829, -553.283, 13.331, 90.502
-128.817, -552.839, 13.311, 90.535
-128.802, -552.396, 13.290, 90.568
-128.785, -551.954, 13.270, 90.601
-128.767, -551.513, 13.250, 90.634
-128.747, -551.072, 13.230, 90.667
-128.726, -550.632, 13.210, 90.700
-128.703, -550.193, 13.190, 90.733
-128.678, -549.755, 13.169, 90.766
-128.652, -549.317, 13.149, 90.799
-128.624, -548.880, 13.129, 90.832
-128.595, -548.444, 13.109, 90.865
-128.565, -548.009, 13.089, 90.898
-128.534, -547.574, 13.069, 90.931
-128.502, -547.140, 13.049, 90.964
-128.468, -546.707, 13.029, 90.997
-128.434, -546.275, 13.009, 91.030
-128.398, -545.843, 12.989, 91.063
-128.362, -545.412, 12.969, 91.096
-128.325, -544.982, 12.950, 91.129
-128.287, -544.552, 12.930, 91.162
-128.248, -544.124, 12.910, 91.195
-128.209, -543.696, 12.890, 91.228
-128.169, -543.268, 12.870, 91.261
-128.129, -542.842, 12.850, 91.294
-128.088, -542.416, 12.830, 91.327
-128.046, -541.991, 12.810, 91.360
-128.004, -541.566, 12.791, 91.393
-127.961, -541.143, 12.771, 91.426
-127.918, -540.720, 12.751, 91.459
-127.875, -540.297, 12.732, 91.492
-127.831, -539.876, 12.712, 91.525
-127.786, -539.455, 12.693, 91.558
-127.742, -539.034, 12.673, 91.591
-127.697, -538.615, 12.654, 91.624
-127.652, -538.196, 12.634, 91.657
-127.606, -537.778, 12.615, 91.690
-127.560, -537.360, 12.595, 91.723
-127.514, -536.943, 12.576, 91.756
-127.467, -536.527, 12.557, 91.789
-127.421, -536.112, 12.537, 91.822
-127.374, -535.697, 12.518, 91.855
-127.326, -535.283, 12.499, 91.888
-127.279, -534.870, 12.480, 91.921
-127.231, -534.457, 12.461, 91.954
-127.183, -534.045, 12.442, 91.987
-127.134, -533.633, 12.423, 92.020
-127.086, -533.223, 12.404, 92.053
-127.037, -532.813, 12.385, 92.086
-126.987, -532.403, 12.366, 92.119
-126.938, -531.995, 12.347, 92.152
-126.888, -531.586, 12.328, 92.185
-126.838, -531.179, 12.309, 92.218
-126.787, -530.772, 12.290, 92.251
-126.736, -530.366, 12.272, 92.284
-126.685, -529.961, 12.253, 92.317
-126.633, -529.556, 12.234, 92.350
-126.582, -529.152, 12.215, 92.383
-126.529, -528.749, 12.197, 92.416
-126.477, -528.346, 12.178, 92.449
-126.424, -527.944, 12.159, 92.482
-126.371, -527.543, 12.141, 92.515
-126.317, -527.142, 12.122, 92.548
-126.263, -526.742, 12.104, 92.581
-126.208, -526.343, 12.085, 92.614
-126.153, -525.944, 12.067, 92.647
-126.098, -525.546, 12.049, 92.680
-126.043, -525.149, 12.030, 92.713
-125.986, -524.752, 12.012, 92.746
-125.930, -524.357, 11.994, 92.779
-125.873, -523.961, 11.976, 92.812
-125.816, -523.567, 11.958, 92.845
-125.758, -523.173, 11.940, 92.878
-125.699, -522.779, 11.922, 92.911
-125.641, -522.387, 11.904, 92.944
-125.581, -521.995, 11.886, 92.977
-125.522, -521.604, 11.868, 93.010
-125.462, -521.213, 11.851, 93.043
-125.401, -520.823, 11.833, 93.076
-125.340, -520.434, 11.815, 93.109
-125.278, -520.046, 11.798, 93.142
-125.216, -519.658, 11.780, 93.175
-125.154, -519.270, 11.762, 93.208
-125.091, -518.884, 11.745, 93.241
-125.028, -518.498, 11.727, 93.274
-124.964, -518.113, 11.710, 93.307
-124.899, -517.728, 11.693, 93.340
-124.834, -517.344, 11.675, 93.373
-124.769, -516.961, 11.658, 93.406
-124.703, -516.579, 11.640, 93.439
-124.636, -516.197, 11.623, 93.472
-124.570, -515.816, 11.606, 93.505
-124.502, -515.435, 11.588, 93.538
-124.434, -515.055, 11.571, 93.571
-124.366, -514.676, 11.554, 93.604
-124.297, -514.298, 11.537, 93.637
-124.227, -513.920, 11.520, 93.670
-124.158, -513.543, 11.502, 93.703
-124.087, -513.166, 11.485, 93.736
-124.016, -512.790, 11.468, 93.769
-123.945, -512.415, 11.451, 93.802
-123.873, -512.041, 11.434, 93.835
-123.800, -511.667, 11.417, 93.868
-123.727, -511.294, 11.400, 93.901
-123.654, -510.922, 11.383, 93.934
-123.580, -510.550, 11.366, 93.967
-123.505, -510.179, 11.349, 94.000
-123.430, -509.809, 11.332, 94.033
-123.354, -509.439, 11.315, 94.066
-123.278, -509.070, 11.298, 94.099
-123.202, -508.702, 11.282, 94.132
-123.124, -508.334, 11.265, 94.165
-123.047, -507.967, 11.248, 94.198
-122.968, -507.601, 11.231, 94.231
-122.890, -507.235, 11.214, 94.264
-122.810, -506.871, 11.198, 94.297
-122.731, -506.506, 11.181, 94.330
-122.650, -506.143, 11.165, 94.363
-122.569, -505.780, 11.148, 94.396
-122.488, -505.418, 11.131, 94.429
-122.406, -505.056, 11.115, 94.462
-122.323, -504.696, 11.098, 94.495
-122.240, -504.336, 11.082, 94.528
-122.156, -503.976, 11.065, 94.561
-122.072, -503.618, 11.049, 94.594
-121.987, -503.260, 11.032, 94.627
-121.902, -502.902, 11.016, 94.660
-121.816, -502.546, 11.000, 94.693
-121.729, -502.190, 10.983, 94.726
-121.642, -501.835, 10.967, 94.759
-121.554, -501.480, 10.951, 94.792
-121.466, -501.127, 10.934, 94.825
-121.377, -500.774, 10.918, 94.858
-121.288, -500.421, 10.902, 94.891
-121.198, -500.070, 10.886, 94.924
-121.107, -499.719, 10.870, 94.957
-121.016, -499.368, 10.854, 94.990
-120.924, -499.019, 10.837, 95.023
-120.831, -498.670, 10.821, 95.056
-120.738, -498.322, 10.805, 95.089
-120.644, -497.975, 10.789, 95.122
-120.550, -497.628, 10.773, 95.155
-120.455, -497.282, 10.757, 95.188
-120.359, -496.937, 10.741, 95.221
-120.262, -496.593, 10.726, 95.254
-120.165, -496.249, 10.710, 95.287
-120.068, -495.906, 10.694, 95.320
-119.969, -495.564, 10.678, 95.353
-119.870, -495.223, 10.662, 95.386
-119.770, -494.882, 10.646, 95.419
-119.670, -494.542, 10.631, 95.452
-119.569, -494.203, 10.615, 95.485
-119.467, -493.864, 10.599, 95.518
-119.364, -493.527, 10.584, 95.551
-119.261, -493.190, 10.568, 95.584
-119.157, -492.854, 10.552, 95.617
-119.052, -492.518, 10.537, 95.650
-118.946, -492.184, 10.521, 95.683
-118.840, -491.850, 10.506, 95.716
-118.733, -491.517, 10.490, 95.749
-118.625, -491.185, 10.474, 95.782
-118.516, -490.853, 10.459, 95.815
-118.407, -490.523, 10.444, 95.848
-118.296, -490.193, 10.428, 95.881
-118.185, -489.864, 10.413, 95.914
-118.073, -489.536, 10.397, 95.947
-117.961, -489.208, 10.382, 95.980
-117.847, -488.882, 10.367, 96.013
-117.733, -488.556, 10.351, 96.046
-117.617, -488.232, 10.336, 96.079
-117.501, -487.908, 10.321, 96.112
-117.384, -487.585, 10.305, 96.145
-117.266, -487.262, 10.290, 96.178
-117.147, -486.941, 10.275, 96.211
-117.027, -486.621, 10.260, 96.244
-116.907, -486.301, 10.245, 96.277
-116.785, -485.982, 10.230, 96.310
-116.662, -485.665, 10.215, 96.343
-116.539, -485.348, 10.199, 96.376
-116.414, -485.032, 10.184, 96.409
-116.289, -484.717, 10.169, 96.442
-116.162, -484.403, 10.154, 96.475
-116.035, -484.090, 10.139, 96.508
-115.906, -483.778, 10.124, 96.541
-115.776, -483.466, 10.110, 96.574
-115.646, -483.156, 10.095, 96.607
-115.514, -482.847, 10.080, 96.640
-115.381, -482.539, 10.065, 96.673
-115.247, -482.232, 10.050, 96.706
-115.112, -481.926, 10.035, 96.739
-114.975, -481.621, 10.020, 96.772
-114.838, -481.317, 10.006, 96.805
-114.699, -481.014, 9.991, 96.838
-114.559, -480.712, 9.976, 96.871
-114.418, -480.411, 9.961, 96.904
-114.276, -480.112, 9.947, 96.937
-114.133, -479.813, 9.932, 96.970
-113.988, -479.516, 9.917, 97.003
-113.842, -479.220, 9.903, 97.036
-113.694, -478.925, 9.888, 97.069
-113.545, -478.631, 9.874, 97.102
-113.395, -478.339, 9.859, 97.135
-113.244, -478.048, 9.845, 97.168
-113.091, -477.758, 9.830, 97.201
-112.936, -477.469, 9.815, 97.234
-112.780, -477.182, 9.801, 97.267
-112.623, -476.896, 9.787, 97.300
-112.464, -476.612, 9.772, 97.333
-112.304, -476.329, 9.758, 97.366
-112.142, -476.047, 9.743, 97.399
-111.978, -475.767, 9.729, 97.432
-111.813, -475.488, 9.714, 97.465
-111.646, -475.211, 9.700, 97.498
-111.478, -474.936, 9.686, 97.531
-111.308, -474.662, 9.671, 97.564
-111.136, -474.390, 9.657, 97.597
-110.963, -474.119, 9.643, 97.630
-110.787, -473.850, 9.628, 97.663
-110.610, -473.583, 9.614, 97.696
-110.431, -473.318, 9.600, 97.729
-110.250, -473.054, 9.585, 97.762
-110.067, -472.793, 9.571, 97.795
-109.883, -472.533, 9.557, 97.828
-109.696, -472.276, 9.543, 97.861
-109.507, -472.020, 9.528, 97.894
-109.317, -471.767, 9.514, 97.927
-109.124, -471.515, 9.500, 97.960
-108.929, -471.266, 9.486, 97.993
-108.732, -471.019, 9.472, 98.026
-108.533, -470.775, 9.458, 98.059
-108.332, -470.533, 9.444, 98.092
-108.129, -470.293, 9.430, 98.125
-107.924, -470.055, 9.416, 98.158
-107.717, -469.820, 9.402, 98.191
-107.507, -469.588, 9.388, 98.224
-107.296, -469.357, 9.375, 98.257
-107.083, -469.130, 9.362, 98.290
-106.868, -468.904, 9.348, 98.323
-106.651, -468.681, 9.335, 98.356
-106.432, -468.461, 9.322, 98.389
-106.211, -468.243, 9.309, 98.422
-105.988, -468.028, 9.297, 98.455
-105.763, -467.815, 9.288, 98.488
-105.536, -467.605, 9.282, 98.521
-105.308, -467.396, 9.278, 98.554
-105.077, -467.190, 9.279, 98.587
-104.845, -466.986, 9.282, 98.620
-104.610, -466.785, 9.289, 98.653
-104.373, -466.585, 9.299, 98.686
-104.135, -466.386, 9.312, 98.719
-103.894, -466.190, 9.327, 98.752
-103.650, -465.996, 9.346, 98.785
-103.405, -465.803, 9.367, 98.818
-103.157, -465.612, 9.389, 98.851
-102.907, -465.422, 9.414, 98.884
-102.655, -465.234, 9.441, 98.917
-102.401, -465.048, 9.469, 98.950
-102.144, -464.864, 9.499, 98.983
-101.884, -464.680, 9.530, 99.016
-101.623, -464.498, 9.562, 99.049
-101.359, -464.318, 9.594, 99.082
-101.093, -464.139, 9.627, 99.115
-100.825, -463.962, 9.661, 99.148
-100.554, -463.786, 9.694, 99.181
-100.281, -463.611, 9.728, 99.214
-100.006, -463.438, 9.762, 99.247
-99.729, -463.266, 9.796, 99.280
-99.449, -463.095, 9.830, 99.313
-99.168, -462.926, 9.864, 99.346
-98.884, -462.758, 9.897, 99.379
-98.598, -462.592, 9.930, 99.412
-98.310, -462.427, 9.963, 99.445
-98.020, -462.264, 9.996, 99.478
-97.729, -462.101, 10.029, 99.511
-97.435, -461.941, 10.061, 99.544
-97.139, -461.781, 10.092, 99.577
-96.841, -461.623, 10.124, 99.610
-96.541, -461.467, 10.156, 99.643
-96.239, -461.312, 10.187, 99.676
-95.936, -461.158, 10.218, 99.709
-95.630, -461.006, 10.249, 99.742
-95.323, -460.855, 10.280, 99.775
-95.014, -460.706, 10.311, 99.808
-94.703, -460.558, 10.341, 99.841
-94.390, -460.412, 10.372, 99.874
-94.075, -460.267, 10.403, 99.907
-93.758, -460.124, 10.433, 99.940
-93.440, -459.982, 10.464, 99.973
-93.120, -459.842, 10.495, 100.006
-92.798, -459.703, 10.526, 100.039
-92.474, -459.566, 10.557, 100.072
-92.149, -459.430, 10.588, 100.105
-91.822, -459.296, 10.619, 100.138
-91.493, -459.164, 10.650, 100.171
-91.162, -459.033, 10.682, 100.204
-90.829, -458.904, 10.713, 100.237
-90.495, -458.776, 10.745, 100.270
-90.159, -458.650, 10.777, 100.303
-89.821, -458.526, 10.809, 100.336
-89.482, -458.403, 10.841, 100.369
-89.140, -458.283, 10.874, 100.402
-88.797, -458.163, 10.907, 100.435
-88.452, -458.046, 10.940, 100.468
-88.106, -457.930, 10.972, 100.501
-87.757, -457.816, 11.005, 100.534
-87.407, -457.704, 11.039, 100.567
-87.056, -457.593, 11.072, 100.600
-86.702, -457.485, 11.105, 100.633
-86.347, -457.378, 11.139, 100.666
-85.990, -457.273, 11.173, 100.699
-85.631, -457.170, 11.207, 100.732
-85.271, -457.069, 11.241, 100.765
-84.909, -456.970, 11.275, 100.798
-84.545, -456.872, 11.310, 100.831
-84.179, -456.777, 11.344, 100.864
-83.812, -456.684, 11.378, 100.897
-83.443, -456.593, 11.413, 100.930
-83.072, -456.504, 11.448, 100.963
-82.700, -456.417, 11.483, 100.996
-82.326, -456.332, 11.518, 101.029
-81.950, -456.249, 11.554, 101.062
-81.573, -456.169, 11.589, 101.095
-81.194, -456.090, 11.625, 101.128
-80.813, -456.014, 11.661, 101.161
-80.430, -455.940, 11.697, 101.194
-80.046, -455.869, 11.733, 101.227
-79.660, -455.800, 11.769, 101.260
-79.273, -455.733, 11.804, 101.293
-78.884, -455.669, 11.836, 101.326
-78.494, -455.607, 11.867, 101.359
-78.102, -455.548, 11.894, 101.392
-77.709, -455.491, 11.917, 101.425
-77.316, -455.437, 11.936, 101.458
-76.921, -455.386, 11.951, 101.491
-76.526, -455.337, 11.962, 101.524
-76.130, -455.291, 11.968, 101.557
-75.733, -455.248, 11.970, 101.590
-75.337, -455.208, 11.968, 101.623
-74.940, -455.171, 11.962, 101.656
-74.543, -455.136, 11.952, 101.689
-74.147, -455.104, 11.939, 101.722
-73.751, -455.076, 11.923, 101.755
-73.355, -455.050, 11.904, 101.788
-72.960, -455.027, 11.883, 101.821
-72.565, -455.007, 11.860, 101.854
-72.171, -454.990, 11.836, 101.887
-71.778, -454.976, 11.810, 101.920
-71.386, -454.965, 11.784, 101.953
-70.994, -454.956, 11.757, 101.986
-70.603, -454.951, 11.729, 102.019
-70.213, -454.949, 11.702, 102.052
-69.824, -454.950, 11.674, 102.085
-69.436, -454.953, 11.647, 102.118
-69.049, -454.960, 11.620, 102.151
-68.662, -454.969, 11.594, 102.184
-68.277, -454.982, 11.569, 102.217
-67.893, -454.997, 11.544, 102.250
-67.509, -455.015, 11.520, 102.283
-67.126, -455.036, 11.497, 102.316
-66.745, -455.060, 11.475, 102.349
-66.364, -455.087, 11.453, 102.382
-65.984, -455.116, 11.433, 102.415
-65.605, -455.149, 11.413, 102.448
-65.226, -455.184, 11.394, 102.481
-64.849, -455.222, 11.375, 102.514
-64.473, -455.263, 11.358, 102.547
-64.097, -455.307, 11.341, 102.580
-63.723, -455.354, 11.324, 102.613
-63.349, -455.403, 11.308, 102.646
-62.976, -455.456, 11.292, 102.679
-62.605, -455.511, 11.276, 102.712
-62.234, -455.569, 11.261, 102.745
-61.864, -455.630, 11.246, 102.778
-61.495, -455.693, 11.232, 102.811
-61.127, -455.760, 11.217, 102.844
-60.760, -455.829, 11.202, 102.877
-60.394, -455.901, 11.187, 102.910
-60.029, -455.976, 11.173, 102.943
-59.666, -456.054, 11.158, 102.976
-59.303, -456.135, 11.143, 103.009
-58.942, -456.218, 11.128, 103.042
-58.582, -456.304, 11.113, 103.075
-58.223, -456.394, 11.098, 103.108
-57.865, -456.486, 11.083, 103.141
-57.508, -456.580, 11.068, 103.174
-57.153, -456.678, 11.052, 103.207
-56.799, -456.778, 11.037, 103.240
-56.447, -456.881, 11.021, 103.273
-56.096, -456.987, 11.005, 103.306
-55.746, -457.096, 10.989, 103.339
-55.398, -457.208, 10.974, 103.372
-55.051, -457.322, 10.958, 103.405
-54.705, -457.440, 10.941, 103.438
-54.362, -457.560, 10.926, 103.471
-54.020, -457.683, 10.909, 103.504
-53.679, -457.808, 10.893, 103.537
-53.340, -457.937, 10.877, 103.570
-53.003, -458.068, 10.861, 103.603
-52.667, -458.202, 10.845, 103.636
-52.333, -458.339, 10.829, 103.669
-52.001, -458.478, 10.813, 103.702
-51.670, -458.621, 10.797, 103.735
-51.342, -458.766, 10.780, 103.768
-51.015, -458.914, 10.764, 103.801
-50.690, -459.064, 10.748, 103.834
-50.367, -459.218, 10.732, 103.867
-50.046, -459.374, 10.716, 103.900
-49.726, -459.533, 10.700, 103.933
-49.409, -459.695, 10.684, 103.966
-49.094, -459.859, 10.669, 103.999
-48.781, -460.027, 10.653, 104.032
-48.470, -460.197, 10.637, 104.065
-48.161, -460.370, 10.621, 104.098
-47.855, -460.546, 10.606, 104.131
-47.550, -460.724, 10.590, 104.164
-47.248, -460.906, 10.574, 104.197
-46.948, -461.090, 10.559, 104.230
-46.651, -461.277, 10.543, 104.263
-46.356, -461.467, 10.528, 104.296
-46.064, -461.660, 10.512, 104.329
-45.774, -461.855, 10.496, 104.362
-45.486, -462.054, 10.481, 104.395
-45.201, -462.255, 10.466, 104.428
-44.919, -462.459, 10.450, 104.461
-44.640, -462.666, 10.435, 104.494
-44.363, -462.876, 10.420, 104.527
-44.089, -463.088, 10.404, 104.560
-43.818, -463.303, 10.389, 104.593
-43.550, -463.521, 10.374, 104.626
-43.285, -463.742, 10.359, 104.659
-43.022, -463.966, 10.344, 104.692
-42.763, -464.192, 10.329, 104.725
-42.507, -464.421, 10.314, 104.758
-42.254, -464.653, 10.300, 104.791
-42.003, -464.887, 10.286, 104.824
-41.757, -465.124, 10.272, 104.857
-41.513, -465.363, 10.259, 104.890
-41.272, -465.605, 10.247, 104.923
-41.035, -465.850, 10.236, 104.956
-40.800, -466.098, 10.227, 104.989
-40.569, -466.347, 10.219, 105.022
-40.342, -466.600, 10.212, 105.055
-40.117, -466.855, 10.208, 105.088
-39.895, -467.113, 10.206, 105.121
-39.677, -467.373, 10.205, 105.154
-39.461, -467.636, 10.208, 105.187
-39.249, -467.902, 10.212, 105.220
-39.039, -468.170, 10.219, 105.253
-38.833, -468.441, 10.229, 105.286
-38.630, -468.715, 10.242, 105.319
-38.429, -468.992, 10.256, 105.352
-38.232, -469.271, 10.274, 105.385
-38.037, -469.553, 10.294, 105.418
-37.846, -469.839, 10.316, 105.451
-37.657, -470.126, 10.341, 105.484
-37.471, -470.417, 10.367, 105.517
-37.288, -470.711, 10.395, 105.550
-37.108, -471.008, 10.425, 105.583
-36.930, -471.307, 10.457, 105.616
-36.756, -471.610, 10.489, 105.649
-36.584, -471.915, 10.523, 105.682
-36.415, -472.223, 10.558, 105.715
-36.249, -472.534, 10.594, 105.748
-36.085, -472.848, 10.630, 105.781
-35.925, -473.165, 10.666, 105.814
-35.767, -473.484, 10.704, 105.847
-35.612, -473.806, 10.741, 105.880
-35.460, -474.131, 10.777, 105.913
-35.311, -474.459, 10.815, 105.946
-35.165, -474.789, 10.852, 105.979
-35.022, -475.122, 10.889, 106.012
-34.881, -475.458, 10.926, 106.045
-34.744, -475.796, 10.963, 106.078
-34.609, -476.136, 10.999, 106.111
-34.478, -476.479, 11.036, 106.144
-34.349, -476.825, 11.072, 106.177
-34.224, -477.172, 11.107, 106.210
-34.101, -477.522, 11.144, 106.243
-33.982, -477.875, 11.179, 106.276
-33.865, -478.229, 11.215, 106.309
-33.751, -478.586, 11.250, 106.342
-33.640, -478.945, 11.285, 106.375
-33.532, -479.306, 11.320, 106.408
-33.427, -479.669, 11.355, 106.441
-33.325, -480.034, 11.389, 106.474
-33.225, -480.401, 11.424, 106.507
-33.129, -480.770, 11.459, 106.540
-33.035, -481.141, 11.493, 106.573
-32.944, -481.514, 11.528, 106.606
-32.856, -481.889, 11.562, 106.639
-32.771, -482.265, 11.598, 106.672
-32.688, -482.643, 11.633, 106.705
-32.609, -483.024, 11.668, 106.738
-32.532, -483.406, 11.704, 106.771
-32.457, -483.789, 11.739, 106.804
-32.385, -484.175, 11.775, 106.837
-32.316, -484.562, 11.811, 106.870
-32.249, -484.950, 11.847, 106.903
-32.184, -485.341, 11.884, 106.936
-32.123, -485.733, 11.920, 106.969
-32.063, -486.127, 11.957, 107.002
-32.007, -486.522, 11.994, 107.035
-31.952, -486.919, 12.031, 107.068
-31.900, -487.317, 12.069, 107.101
-31.850, -487.717, 12.107, 107.134
-31.803, -488.119, 12.144, 107.167
-31.758, -488.522, 12.182, 107.200
-31.715, -488.927, 12.221, 107.233
-31.674, -489.333, 12.259, 107.266
-31.636, -489.740, 12.298, 107.299
-31.600, -490.150, 12.336, 107.332
-31.565, -490.560, 12.376, 107.365
-31.533, -490.973, 12.415, 107.398
-31.503, -491.386, 12.454, 107.431
-31.475, -491.801, 12.493, 107.464
-31.450, -492.218, 12.533, 107.497
-31.426, -492.636, 12.573, 107.530
-31.404, -493.055, 12.613, 107.563
-31.384, -493.476, 12.653, 107.596
-31.366, -493.898, 12.693, 107.629
-31.349, -494.322, 12.733, 107.662
-31.335, -494.747, 12.774, 107.695
-31.322, -495.174, 12.814, 107.728
-31.311, -495.602, 12.855, 107.761
-31.303, -496.031, 12.896, 107.794
-31.295, -496.462, 12.937, 107.827
-31.290, -496.894, 12.978, 107.860
-31.286, -497.328, 13.019, 107.893
-31.284, -497.763, 13.060, 107.926
-31.283, -498.199, 13.101, 107.959
-31.284, -498.637, 13.143, 107.992
-31.287, -499.076, 13.185, 108.025
-31.291, -499.516, 13.226, 108.058
-31.297, -499.958, 13.268, 108.091
-31.305, -500.402, 13.311, 108.124
-31.314, -500.846, 13.353, 108.157
-31.324, -501.292, 13.395, 108.190
-31.337, -501.739, 13.437, 108.223
-31.350, -502.188, 13.480, 108.256
-31.365, -502.638, 13.523, 108.289
-31.382, -503.090, 13.566, 108.322
-31.400, -503.543, 13.609, 108.355
-31.420, -503.997, 13.652, 108.388
-31.440, -504.453, 13.696, 108.421
-31.463, -504.910, 13.739, 108.454
-31.486, -505.368, 13.783, 108.487
-31.511, -505.828, 13.827, 108.520
-31.538, -506.289, 13.871, 108.553
-31.566, -506.752, 13.915, 108.586
-31.595, -507.216, 13.959, 108.619
-31.625, -507.681, 14.004, 108.652
-31.657, -508.148, 14.048, 108.685
-31.690, -508.616, 14.093, 108.718
-31.724, -509.086, 14.138, 108.751
-31.760, -509.557, 14.183, 108.784
-31.796, -510.030, 14.228, 108.817
-31.834, -510.504, 14.274, 108.850
-31.874, -510.979, 14.320, 108.883
-31.914, -511.456, 14.365, 108.916
-31.956, -511.934, 14.411, 108.949
-31.999, -512.413, 14.457, 108.982
-32.043, -512.894, 14.504, 109.015
-32.088, -513.377, 14.550, 109.048
-32.134, -513.861, 14.597, 109.081
-32.181, -514.346, 14.643, 109.114
-32.230, -514.833, 14.690, 109.147
-32.279, -515.322, 14.737, 109.180
-32.330, -515.812, 14.785, 109.213
-32.381, -516.303, 14.832, 109.246
-32.434, -516.796, 14.880, 109.279
-32.487, -517.290, 14.928, 109.312
-32.542, -517.786, 14.975, 109.345
-32.598, -518.283, 15.024, 109.378
-32.654, -518.782, 15.072, 109.411
-32.712, -519.282, 15.120, 109.444
-32.770, -519.784, 15.169, 109.477
-32.829, -520.287, 15.218, 109.510
-32.889, -520.792, 15.267, 109.543
-32.950, -521.299, 15.316, 109.576
-33.012, -521.807, 15.365, 109.609
-33.075, -522.317, 15.414, 109.642
-33.138, -522.828, 15.464, 109.675
-33.203, -523.340, 15.514, 109.708
-33.268, -523.855, 15.564, 109.741
-33.334, -524.371, 15.614, 109.774
-33.400, -524.888, 15.664, 109.807
-33.467, -525.407, 15.715, 109.840
-33.535, -525.928, 15.765, 109.873
-33.604, -526.450, 15.816, 109.906
-33.673, -526.974, 15.867, 109.939
-33.743, -527.500, 15.918, 109.972
-33.814, -528.027, 15.969, 110.005
-33.885, -528.556, 16.021, 110.038
-33.957, -529.086, 16.073, 110.071
-34.029, -529.618, 16.125, 110.104
-34.102, -530.152, 16.177, 110.137
-34.176, -530.688, 16.229, 110.170
-34.250, -531.225, 16.281, 110.203
-34.324, -531.764, 16.334, 110.236
-34.399, -532.305, 16.386, 110.269
-34.474, -532.847, 16.439, 110.302
-34.550, -533.391, 16.492, 110.335
-34.626, -533.937, 16.546, 110.368
-34.702, -534.485, 16.599, 110.401
-34.779, -535.034, 16.653, 110.434
-34.856, -535.585, 16.707, 110.467
-34.933, -536.138, 16.761, 110.500
-35.011, -536.693, 16.815, 110.533
-35.089, -537.249, 16.869, 110.566
-35.166, -537.807, 16.924, 110.599
-35.244, -538.368, 16.979, 110.632
-35.323, -538.930, 17.034, 110.665
-35.401, -539.493, 17.089, 110.698
-35.479, -540.059, 17.144, 110.731
-35.557, -540.626, 17.200, 110.764
-35.636, -541.196, 17.255, 110.797
-35.714, -541.767, 17.311, 110.830
-35.792, -542.340, 17.366, 110.863
-35.870, -542.915, 17.418, 110.896
-35.948, -543.492, 17.467, 110.929
-36.026, -544.070, 17.510, 110.962
-36.103, -544.649, 17.548, 110.995
-36.180, -545.230, 17.579, 111.028
-36.257, -545.811, 17.604, 111.061
-36.333, -546.393, 17.621, 111.094
-36.408, -546.976, 17.631, 111.127
-36.483, -547.558, 17.634, 111.160
-36.557, -548.141, 17.628, 111.193
-36.630, -548.723, 17.616, 111.226
-36.703, -549.305, 17.597, 111.259
-36.774, -549.886, 17.571, 111.292
-36.845, -550.466, 17.540, 111.325
-36.914, -551.045, 17.504, 111.358
-36.982, -551.623, 17.464, 111.391
-37.049, -552.200, 17.420, 111.424
-37.115, -552.775, 17.373, 111.457
-37.180, -553.349, 17.324, 111.490
-37.243, -553.922, 17.273, 111.523
-37.305, -554.492, 17.220, 111.556
-37.366, -555.061, 17.167, 111.589
-37.425, -555.629, 17.114, 111.622
-37.482, -556.195, 17.061, 111.655
-37.538, -556.759, 17.009, 111.688
-37.593, -557.322, 16.958, 111.721
-37.646, -557.883, 16.908, 111.754
-37.698, -558.443, 16.860, 111.787
-37.747, -559.002, 16.814, 111.820
-37.796, -559.559, 16.770, 111.853
-37.842, -560.115, 16.728, 111.886
-37.887, -560.669, 16.688, 111.919
-37.930, -561.223, 16.651, 111.952
-37.971, -561.776, 16.615, 111.985
-38.010, -562.327, 16.582, 112.018
-38.048, -562.878, 16.551, 112.051
-38.084, -563.428, 16.522, 112.084
-38.117, -563.977, 16.495, 112.117
-38.149, -564.525, 16.470, 112.150
-38.179, -565.073, 16.446, 112.183
-38.206, -565.620, 16.424, 112.216
-38.232, -566.166, 16.403, 112.249
-38.255, -566.712, 16.383, 112.282
-38.277, -567.257, 16.363, 112.315
-38.296, -567.802, 16.344, 112.348
-38.312, -568.346, 16.326, 112.381
-38.327, -568.890, 16.308, 112.414
-38.338, -569.433, 16.290, 112.447
-38.348, -569.975, 16.272, 112.480
-38.355, -570.517, 16.253, 112.513
-38.359, -571.058, 16.235, 112.546
-38.361, -571.599, 16.216, 112.579
-38.360, -572.139, 16.197, 112.612
-38.356, -572.678, 16.177, 112.645
-38.350, -573.217, 16.156, 112.678
-38.340, -573.755, 16.135, 112.711
-38.328, -574.292, 16.114, 112.744
-38.313, -574.828, 16.092, 112.777
-38.294, -575.363, 16.069, 112.810
-38.272, -575.898, 16.045, 112.843
-38.247, -576.431, 16.021, 112.876
-38.219, -576.964, 15.997, 112.909
-38.187, -577.495, 15.972, 112.942
-38.152, -578.025, 15.947, 112.975
-38.113, -578.555, 15.921, 113.008
-38.071, -579.083, 15.895, 113.041
-38.025, -579.610, 15.869, 113.074
-37.975, -580.135, 15.842, 113.107
-37.922, -580.660, 15.816, 113.140
-37.865, -581.183, 15.789, 113.173
-37.805, -581.705, 15.762, 113.206
-37.741, -582.226, 15.737, 113.239
-37.673, -582.745, 15.713, 113.272
-37.601, -583.263, 15.692, 113.305
-37.526, -583.780, 15.675, 113.338
-37.447, -584.296, 15.664, 113.371
-37.364, -584.811, 15.659, 113.404
-37.277, -585.326, 15.660, 113.437
-37.186, -585.840, 15.666, 113.470
-37.092, -586.354, 15.678, 113.503
-36.993, -586.867, 15.694, 113.536
-36.891, -587.381, 15.714, 113.569
-36.785, -587.894, 15.739, 113.602
-36.675, -588.408, 15.767, 113.635
-36.560, -588.922, 15.798, 113.668
-36.443, -589.436, 15.832, 113.701
-36.321, -589.950, 15.869, 113.734
-36.195, -590.465, 15.909, 113.767
-36.066, -590.981, 15.951, 113.800
-35.932, -591.497, 15.995, 113.833
-35.795, -592.013, 16.040, 113.866
-35.654, -592.530, 16.088, 113.899
-35.509, -593.047, 16.138, 113.932
-35.360, -593.566, 16.188, 113.965
-35.208, -594.085, 16.241, 113.998
-35.052, -594.605, 16.294, 114.031
-34.892, -595.125, 16.349, 114.064
-34.729, -595.646, 16.404, 114.097
-34.561, -596.168, 16.461, 114.130
-34.390, -596.691, 16.518, 114.163
-34.216, -597.215, 16.576, 114.196
-34.037, -597.739, 16.635, 114.229
-33.855, -598.265, 16.695, 114.262
-33.669, -598.791, 16.755, 114.295
-33.480, -599.318, 16.815, 114.328
-33.287, -599.845, 16.876, 114.361
-33.090, -600.374, 16.938, 114.394
-32.890, -600.903, 17.000, 114.427
-32.686, -601.433, 17.062, 114.460
-32.478, -601.964, 17.125, 114.493
-32.266, -602.496, 17.187, 114.526
-32.051, -603.029, 17.250, 114.559
-31.832, -603.562, 17.313, 114.592
-31.610, -604.096, 17.377, 114.625
-31.384, -604.631, 17.440, 114.658
-31.154, -605.167, 17.504, 114.691
-30.921, -605.703, 17.568, 114.724
-30.683, -606.240, 17.632, 114.757
-30.443, -606.778, 17.696, 114.790
-30.198, -607.316, 17.759, 114.823
-29.950, -607.855, 17.823, 114.856
-29.697, -608.395, 17.888, 114.889
-29.442, -608.935, 17.952, 114.922
-29.182, -609.476, 18.016, 114.955
-28.919, -610.017, 18.080, 114.988
-28.652, -610.559, 18.144, 115.021
-28.381, -611.102, 18.208, 115.054
-28.106, -611.645, 18.271, 115.087
-27.828, -612.188, 18.335, 115.120
-27.545, -612.732, 18.399, 115.153
-27.259, -613.276, 18.463, 115.186
-26.969, -613.820, 18.527, 115.219
-26.675, -614.365, 18.590, 115.252
-26.378, -614.910, 18.654, 115.285
-26.076, -615.456, 18.717, 115.318
-25.770, -616.001, 18.781, 115.351
-25.461, -616.547, 18.844, 115.384
-25.148, -617.093, 18.908, 115.417
-24.830, -617.639, 18.971, 115.450
-24.509, -618.186, 19.034, 115.483
-24.184, -618.732, 19.097, 115.516
-23.855, -619.279, 19.160, 115.549
-23.522, -619.826, 19.223, 115.582
-23.185, -620.372, 19.286, 115.615
-22.844, -620.919, 19.348, 115.648
-22.500, -621.466, 19.411, 115.681
-22.151, -622.013, 19.474, 115.714
-21.798, -622.559, 19.536, 115.747
-21.441, -623.106, 19.598, 115.780
-21.080, -623.652, 19.661, 115.813
-20.716, -624.198, 19.723, 115.846
-20.347, -624.744, 19.785, 115.879
-19.974, -625.290, 19.847, 115.912
-19.598, -625.836, 19.909, 115.945
-19.217, -626.381, 19.971, 115.978
-18.832, -626.926, 20.032, 116.011
-18.444, -627.471, 20.093, 116.044
-18.051, -628.015, 20.152, 116.077
-17.655, -628.559, 20.209, 116.110
-17.254, -629.102, 20.263, 116.143
-16.850, -629.645, 20.313, 116.176
-16.442, -630.186, 20.359, 116.209
-16.031, -630.727, 20.400, 116.242
-15.616, -631.266, 20.436, 116.275
-15.197, -631.805, 20.467, 116.308
-14.776, -632.341, 20.493, 116.341
-14.351, -632.876, 20.514, 116.374
-13.923, -633.410, 20.529, 116.407
-13.492, -633.941, 20.539, 116.440
-13.058, -634.471, 20.544, 116.473
-12.622, -634.998, 20.545, 116.506
-12.183, -635.523, 20.541, 116.539
-11.742, -636.045, 20.533, 116.572
-11.298, -636.565, 20.521, 116.605
-10.852, -637.083, 20.506, 116.638
-10.404, -637.598, 20.489, 116.671
-9.954, -638.110, 20.470, 116.704
-9.501, -638.620, 20.449, 116.737
-9.047, -639.127, 20.427, 116.770
-8.591, -639.631, 20.404, 116.803
-8.133, -640.132, 20.381, 116.836
-7.673, -640.631, 20.358, 116.869
-7.211, -641.127, 20.336, 116.902
-6.747, -641.620, 20.314, 116.935
-6.281, -642.111, 20.294, 116.968
-5.814, -642.599, 20.275, 117.001
-5.345, -643.084, 20.258, 117.034
-4.874, -643.567, 20.243, 117.067
-4.401, -644.048, 20.229, 117.100
-3.926, -644.526, 20.217, 117.133
-3.449, -645.002, 20.208, 117.166
-2.971, -645.476, 20.200, 117.199
-2.490, -645.947, 20.194, 117.232
-2.008, -646.416, 20.191, 117.265
-1.523, -646.884, 20.189, 117.298
-1.037, -647.349, 20.188, 117.331
-0.549, -647.812, 20.190, 117.364
-0.059, -648.273, 20.192, 117.397
0.433, -648.733, 20.196, 117.430
0.927, -649.190, 20.201, 117.463
1.423, -649.646, 20.207, 117.496
1.921, -650.100, 20.214, 117.529
2.421, -650.552, 20.221, 117.562
2.923, -651.002, 20.228, 117.595
3.426, -651.451, 20.236, 117.628
3.932, -651.897, 20.244, 117.661
4.440, -652.342, 20.252, 117.694
4.949, -652.786, 20.260, 117.727
5.460, -653.227, 20.267, 117.760
5.973, -653.667, 20.274, 117.793
6.488, -654.105, 20.280, 117.826
7.005, -654.541, 20.286, 117.859
7.523, -654.975, 20.292, 117.892
8.044, -655.407, 20.296, 117.925
8.566, -655.837, 20.300, 117.958
9.090, -656.266, 20.304, 117.991
9.615, -656.692, 20.306, 118.024
10.142, -657.117, 20.308, 118.057
10.671, -657.539, 20.310, 118.090
11.201, -657.960, 20.310, 118.123
11.733, -658.379, 20.310, 118.156
12.267, -658.795, 20.310, 118.189
12.802, -659.209, 20.309, 118.222
13.339, -659.622, 20.308, 118.255
13.877, -660.032, 20.306, 118.288
14.417, -660.440, 20.304, 118.321
14.958, -660.846, 20.302, 118.354
15.501, -661.249, 20.299, 118.387
16.046, -661.651, 20.296, 118.420
16.592, -662.050, 20.294, 118.453
17.139, -662.447, 20.291, 118.486
17.688, -662.842, 20.288, 118.519
18.238, -663.235, 20.285, 118.552
18.790, -663.625, 20.283, 118.585
19.344, -664.013, 20.280, 118.618
19.898, -664.399, 20.278, 118.651
20.455, -664.783, 20.276, 118.684
21.013, -665.164, 20.274, 118.717
21.572, -665.543, 20.272, 118.750
22.133, -665.920, 20.271, 118.783
22.695, -666.294, 20.269, 118.816
23.259, -666.666, 20.269, 118.849
23.824, -667.036, 20.268, 118.882
24.391, -667.404, 20.267, 118.915
24.959, -667.769, 20.267, 118.948
25.529, -668.132, 20.267, 118.981
26.100, -668.493, 20.267, 119.014
26.672, -668.851, 20.268, 119.047
27.247, -669.207, 20.268, 119.080
27.822, -669.561, 20.269, 119.113
28.399, -669.912, 20.269, 119.146
28.978, -670.261, 20.270, 119.179
29.557, -670.608, 20.271, 119.212
30.139, -670.952, 20.272, 119.245
30.721, -671.294, 20.273, 119.278
31.306, -671.634, 20.274, 119.311
31.891, -671.971, 20.275, 119.344
32.478, -672.306, 20.276, 119.377
33.066, -672.639, 20.277, 119.410
33.656, -672.969, 20.278, 119.443
34.247, -673.297, 20.279, 119.476
34.839, -673.622, 20.279, 119.509
35.433, -673.946, 20.280, 119.542
36.028, -674.266, 20.281, 119.575
36.624, -674.584, 20.281, 119.608
37.222, -674.900, 20.282, 119.641
37.821, -675.214, 20.282, 119.674
38.421, -675.525, 20.282, 119.707
39.022, -675.833, 20.282, 119.740
39.625, -676.139, 20.282, 119.773
40.229, -676.443, 20.282, 119.806
40.834, -676.744, 20.282, 119.839
41.441, -677.043, 20.282, 119.872
42.048, -677.339, 20.282, 119.905
42.657, -677.633, 20.282, 119.938
43.267, -677.924, 20.282, 119.971
43.878, -678.213, 20.281, 120.004
44.490, -678.500, 20.281, 120.037
45.104, -678.783, 20.281, 120.070
45.719, -679.065, 20.280, 120.103
46.334, -679.343, 20.280, 120.136
46.951, -679.619, 20.279, 120.169
47.569, -679.893, 20.279, 120.202
48.188, -680.164, 20.279, 120.235
48.809, -680.432, 20.278, 120.268
49.430, -680.698, 20.278, 120.301
50.053, -680.961, 20.278, 120.334
50.676, -681.221, 20.277, 120.367
51.301, -681.479, 20.277, 120.400
51.927, -681.734, 20.277, 120.433
52.554, -681.986, 20.276, 120.466
53.182, -682.236, 20.276, 120.499
53.811, -682.482, 20.276, 120.532
54.441, -682.726, 20.276, 120.565
55.072, -682.968, 20.276, 120.598
55.705, -683.206, 20.276, 120.631
56.338, -683.442, 20.275, 120.664
56.972, -683.675, 20.275, 120.697
57.608, -683.905, 20.275, 120.730
58.244, -684.132, 20.275, 120.763
58.882, -684.356, 20.275, 120.796
59.520, -684.577, 20.275, 120.829
60.160, -684.796, 20.276, 120.862
60.800, -685.011, 20.276, 120.895
61.441, -685.224, 20.276, 120.928
62.084, -685.433, 20.276, 120.961
62.727, -685.640, 20.276, 120.994
63.372, -685.843, 20.276, 121.027
64.017, -686.044, 20.276, 121.060
64.663, -686.241, 20.276, 121.093
65.310, -686.436, 20.276, 121.126
65.959, -686.627, 20.276, 121.159
66.608, -686.815, 20.276, 121.192
67.258, -687.000, 20.276, 121.225
67.908, -687.181, 20.276, 121.258
68.560, -687.360, 20.276, 121.291
69.213, -687.536, 20.276, 121.324
69.866, -687.708, 20.276, 121.357
70.521, -687.876, 20.276, 121.390
71.176, -688.042, 20.276, 121.423
71.832, -688.204, 20.276, 121.456
72.488, -688.363, 20.276, 121.489
73.146, -688.519, 20.276, 121.522
73.804, -688.671, 20.276, 121.555
74.463, -688.820, 20.276, 121.588
75.123, -688.965, 20.276, 121.621
75.784, -689.107, 20.275, 121.654
76.445, -689.246, 20.275, 121.687
77.107, -689.380, 20.275, 121.720
77.770, -689.512, 20.275, 121.753
78.434, -689.640, 20.275, 121.786
79.098, -689.764, 20.275, 121.819
79.763, -689.885, 20.275, 121.852
80.428, -690.002, 20.275, 121.885
81.094, -690.115, 20.274, 121.918
81.761, -690.224, 20.274, 121.951
82.428, -690.331, 20.274, 121.984
83.096, -690.433, 20.274, 122.017
83.765, -690.531, 20.274, 122.050
84.433, -690.626, 20.274, 122.083
85.103, -690.716, 20.273, 122.116
85.773, -690.803, 20.273, 122.149
86.443, -690.886, 20.273, 122.182
87.114, -690.965, 20.273, 122.215
87.786, -691.040, 20.273, 122.248
88.458, -691.111, 20.272, 122.281
89.130, -691.178, 20.272, 122.314
89.803, -691.241, 20.271, 122.347
90.475, -691.300, 20.269, 122.380
91.149, -691.354, 20.265, 122.413
91.822, -691.405, 20.258, 122.446
92.495, -691.451, 20.250, 122.479
93.168, -691.493, 20.239, 122.512
93.841, -691.531, 20.225, 122.545
94.514, -691.564, 20.208, 122.578
95.186, -691.593, 20.189, 122.611
95.858, -691.618, 20.167, 122.644
96.529, -691.638, 20.143, 122.677
97.199, -691.653, 20.116, 122.710
97.868, -691.664, 20.087, 122.743
98.536, -691.671, 20.055, 122.776
99.204, -691.673, 20.022, 122.809
99.870, -691.671, 19.987, 122.842
100.535, -691.664, 19.950, 122.875
101.198, -691.652, 19.912, 122.908
101.861, -691.637, 19.874, 122.941
102.521, -691.616, 19.834, 122.974
103.181, -691.591, 19.794, 123.007
103.838, -691.562, 19.755, 123.040
104.495, -691.528, 19.719, 123.073
105.150, -691.490, 19.689, 123.106
105.804, -691.448, 19.665, 123.139
106.457, -691.401, 19.646, 123.172
107.110, -691.350, 19.633, 123.205
107.762, -691.295, 19.625, 123.238
108.413, -691.235, 19.622, 123.271
109.064, -691.171, 19.623, 123.304
109.715, -691.103, 19.629, 123.337
110.365, -691.031, 19.638, 123.370
111.016, -690.955, 19.651, 123.403
111.666, -690.875, 19.667, 123.436
112.317, -690.791, 19.686, 123.469
112.968, -690.703, 19.708, 123.502
113.619, -690.611, 19.732, 123.535
114.270, -690.515, 19.759, 123.568
114.922, -690.415, 19.788, 123.601
115.575, -690.311, 19.820, 123.634
116.227, -690.204, 19.853, 123.667
116.881, -690.093, 19.888, 123.700
117.535, -689.978, 19.925, 123.733
118.189, -689.860, 19.964, 123.766
118.844, -689.737, 20.004, 123.799
119.500, -689.612, 20.045, 123.832
120.157, -689.482, 20.087, 123.865
120.814, -689.349, 20.128, 123.898
121.472, -689.212, 20.169, 123.931
122.131, -689.072, 20.208, 123.964
122.790, -688.928, 20.246, 123.997
123.449, -688.781, 20.281, 124.030
124.109, -688.630, 20.314, 124.063
124.769, -688.476, 20.343, 124.096
125.429, -688.318, 20.369, 124.129
126.089, -688.156, 20.392, 124.162
126.748, -687.992, 20.411, 124.195
127.408, -687.823, 20.427, 124.228
128.067, -687.652, 20.439, 124.261
128.725, -687.477, 20.447, 124.294
129.383, -687.299, 20.452, 124.327
130.040, -687.117, 20.454, 124.360
130.695, -686.932, 20.452, 124.393
131.350, -686.744, 20.448, 124.426
132.004, -686.553, 20.442, 124.459
132.656, -686.358, 20.433, 124.492
133.307, -686.161, 20.422, 124.525
133.957, -685.960, 20.410, 124.558
134.605, -685.756, 20.396, 124.591
135.252, -685.548, 20.382, 124.624
135.897, -685.338, 20.367, 124.657
136.541, -685.124, 20.352, 124.690
137.183, -684.907, 20.337, 124.723
137.824, -684.688, 20.322, 124.756
138.463, -684.465, 20.307, 124.789
139.100, -684.239, 20.293, 124.822
139.736, -684.010, 20.280, 124.855
140.371, -683.778, 20.269, 124.888
141.004, -683.543, 20.258, 124.921
141.635, -683.305, 20.248, 124.954
142.265, -683.064, 20.240, 124.987
142.894, -682.820, 20.233, 125.020
143.522, -682.573, 20.228, 125.053
144.148, -682.323, 20.223, 125.086
144.772, -682.071, 20.221, 125.119
145.396, -681.815, 20.219, 125.152
146.018, -681.557, 20.218, 125.185
146.640, -681.296, 20.219, 125.218
147.260, -681.032, 20.220, 125.251
147.879, -680.765, 20.223, 125.284
148.497, -680.496, 20.226, 125.317
149.114, -680.224, 20.230, 125.350
149.730, -679.949, 20.234, 125.383
150.345, -679.672, 20.239, 125.416
150.959, -679.392, 20.244, 125.449
151.572, -679.110, 20.249, 125.482
152.184, -678.825, 20.255, 125.515
152.795, -678.538, 20.260, 125.548
153.405, -678.248, 20.265, 125.581
154.014, -677.956, 20.271, 125.614
154.622, -677.662, 20.276, 125.647
155.230, -677.365, 20.280, 125.680
155.836, -677.066, 20.285, 125.713
156.441, -676.765, 20.288, 125.746
157.046, -676.461, 20.292, 125.779
157.649, -676.156, 20.295, 125.812
158.252, -675.848, 20.297, 125.845
158.853, -675.538, 20.299, 125.878
159.454, -675.226, 20.301, 125.911
160.053, -674.913, 20.302, 125.944
160.652, -674.597, 20.303, 125.977
161.249, -674.279, 20.303, 126.010
161.845, -673.959, 20.303, 126.043
162.441, -673.638, 20.302, 126.076
163.035, -673.315, 20.302, 126.109
163.629, -672.989, 20.300, 126.142
164.221, -672.662, 20.299, 126.175
164.812, -672.334, 20.298, 126.208
165.403, -672.003, 20.296, 126.241
165.992, -671.671, 20.294, 126.274
166.580, -671.338, 20.292, 126.307
167.167, -671.002, 20.290, 126.340
167.754, -670.665, 20.288, 126.373
168.339, -670.327, 20.287, 126.406
168.923, -669.987, 20.285, 126.439
169.507, -669.645, 20.283, 126.472
170.089, -669.302, 20.281, 126.505
170.671, -668.957, 20.280, 126.538
171.251, -668.611, 20.279, 126.571
171.831, -668.263, 20.277, 126.604
172.410, -667.914, 20.276, 126.637
172.987, -667.564, 20.276, 126.670
173.564, -667.212, 20.275, 126.703
174.141, -666.859, 20.274, 126.736
174.716, -666.505, 20.274, 126.769
175.290, -666.149, 20.274, 126.802
175.864, -665.792, 20.274, 126.835
176.437, -665.433, 20.274, 126.868
177.009, -665.074, 20.274, 126.901
177.581, -664.713, 20.274, 126.934
178.151, -664.351, 20.275, 126.967
178.721, -663.988, 20.275, 127.000
179.290, -663.623, 20.276, 127.033
179.859, -663.258, 20.276, 127.066
180.427, -662.891, 20.277, 127.099
180.994, -662.523, 20.278, 127.132
181.560, -662.155, 20.278, 127.165
182.126, -661.785, 20.279, 127.198
182.691, -661.414, 20.280, 127.231
183.255, -661.042, 20.280, 127.264
183.819, -660.669, 20.281, 127.297
184.382, -660.295, 20.281, 127.330
184.945, -659.920, 20.282, 127.363
185.507, -659.544, 20.282, 127.396
186.068, -659.168, 20.283, 127.429
186.629, -658.790, 20.283, 127.462
187.190, -658.412, 20.284, 127.495
187.749, -658.032, 20.284, 127.528
188.309, -657.652, 20.284, 127.561
188.867, -657.272, 20.284, 127.594
189.425, -656.890, 20.284, 127.627
189.983, -656.508, 20.284, 127.660
190.540, -656.125, 20.284, 127.693
191.097, -655.741, 20.284, 127.726
191.653, -655.356, 20.284, 127.759
192.209, -654.971, 20.284, 127.792
192.764, -654.586, 20.284, 127.825
193.319, -654.199, 20.283, 127.858
193.873, -653.812, 20.283, 127.891
194.427, -653.425, 20.283, 127.924
194.981, -653.037, 20.283, 127.957
195.534, -652.648, 20.283, 127.990
196.087, -652.259, 20.282, 128.023
196.639, -651.869, 20.282, 128.056
197.192, -651.479, 20.282, 128.089
197.743, -651.089, 20.282, 128.122
198.295, -650.698, 20.282, 128.155
198.846, -650.306, 20.281, 128.188
199.397, -649.914, 20.281, 128.221
199.948, -649.522, 20.281, 128.254
200.498, -649.130, 20.281, 128.287
201.048, -648.737, 20.281, 128.320
201.598, -648.344, 20.281, 128.353
202.148, -647.950, 20.281, 128.386
202.697, -647.556, 20.281, 128.419
203.246, -647.162, 20.281, 128.452
203.795, -646.768, 20.281, 128.485
204.344, -646.373, 20.281, 128.518
204.893, -645.978, 20.281, 128.551
205.442, -645.583, 20.281, 128.584
205.990, -645.188, 20.281, 128.617
206.538, -644.792, 20.281, 128.650
207.087, -644.397, 20.281, 128.683
207.635, -644.001, 20.281, 128.716
208.183, -643.606, 20.281, 128.749
208.731, -643.210, 20.281, 128.782
209.279, -642.814, 20.281, 128.815
209.827, -642.418, 20.281, 128.848
210.375, -642.022, 20.281, 128.881
210.923, -641.626, 20.281, 128.914
211.471, -641.230, 20.281, 128.947
212.019, -640.834, 20.281, 128.980
212.567, -640.438, 20.281, 129.013
213.115, -640.042, 20.281, 129.046
213.663, -639.647, 20.281, 129.079
214.211, -639.251, 20.281, 129.112
214.759, -638.855, 20.281, 129.145
215.308, -638.460, 20.281, 129.178
215.856, -638.065, 20.281, 129.211
216.405, -637.670, 20.281, 129.244
216.954, -637.275, 20.281, 129.277
217.503, -636.881, 20.281, 129.310
218.052, -636.486, 20.281, 129.343
218.601, -636.092, 20.281, 129.376
219.151, -635.698, 20.281, 129.409
219.700, -635.305, 20.281, 129.442
220.250, -634.912, 20.281, 129.475
220.801, -634.519, 20.281, 129.508
221.351, -634.126, 20.281, 129.541
221.902, -633.734, 20.281, 129.574
222.453, -633.342, 20.281, 129.607
223.004, -632.951, 20.281, 129.640
223.556, -632.560, 20.281, 129.673
224.107, -632.170, 20.281, 129.706
224.660, -631.780, 20.281, 129.739
225.212, -631.390, 20.281, 129.772
225.765, -631.001, 20.281, 129.805
226.318, -630.613, 20.281, 129.838
226.872, -630.225, 20.281, 129.871
227.426, -629.838, 20.280, 129.904
227.981, -629.451, 20.280, 129.937
228.536, -629.065, 20.280, 129.970
229.091, -628.679, 20.280, 130.003
229.647, -628.295, 20.280, 130.036
230.203, -627.910, 20.280, 130.069
230.760, -627.527, 20.280, 130.102
231.317, -627.144, 20.280, 130.135
231.874, -626.762, 20.280, 130.168
232.433, -626.381, 20.280, 130.201
232.991, -626.000, 20.280, 130.234
233.551, -625.620, 20.280, 130.267
234.110, -625.241, 20.280, 130.300
234.671, -624.863, 20.280, 130.333
235.232, -624.486, 20.280, 130.366
235.793, -624.110, 20.280, 130.399
236.355, -623.734, 20.280, 130.432
236.918, -623.360, 20.280, 130.465
237.481, -622.986, 20.280, 130.498
238.045, -622.613, 20.280, 130.531
238.610, -622.242, 20.280, 130.564
239.175, -621.871, 20.280, 130.597
239.741, -621.501, 20.280, 130.630
240.308, -621.133, 20.280, 130.663
240.875, -620.765, 20.280, 130.696
241.443, -620.398, 20.280, 130.729
242.012, -620.033, 20.280, 130.762
242.582, -619.669, 20.280, 130.795
243.152, -619.306, 20.280, 130.828
243.723, -618.944, 20.280, 130.861
244.295, -618.584, 20.280, 130.894
244.867, -618.224, 20.280, 130.927
245.441, -617.866, 20.280, 130.960
246.015, -617.509, 20.279, 130.993
246.590, -617.154, 20.279, 131.026
247.165, -616.800, 20.279, 131.059
247.742, -616.447, 20.279, 131.092
248.320, -616.096, 20.279, 131.125
248.898, -615.746, 20.279, 131.158
249.477, -615.397, 20.279, 131.191
250.057, -615.050, 20.279, 131.224
250.638, -614.705, 20.279, 131.257
251.220, -614.361, 20.279, 131.290
251.803, -614.018, 20.279, 131.323
252.386, -613.677, 20.279, 131.356
252.971, -613.338, 20.279, 131.389
253.557, -613.000, 20.279, 131.422
254.143, -612.664, 20.279, 131.455
254.731, -612.330, 20.279, 131.488
255.319, -611.997, 20.279, 131.521
255.908, -611.667, 20.278, 131.554
256.499, -611.337, 20.278, 131.587
257.090, -611.010, 20.278, 131.620
257.683, -610.685, 20.278, 131.653
258.276, -610.361, 20.278, 131.686
258.871, -610.039, 20.278, 131.719
259.466, -609.720, 20.278, 131.752
260.062, -609.402, 20.278, 131.785
260.660, -609.086, 20.278, 131.818
261.259, -608.772, 20.278, 131.851
261.858, -608.460, 20.278, 131.884
262.459, -608.150, 20.278, 131.917
263.061, -607.843, 20.278, 131.950
263.664, -607.537, 20.278, 131.983
264.268, -607.234, 20.278, 132.016
264.873, -606.932, 20.277, 132.049
265.479, -606.633, 20.277, 132.082
266.086, -606.336, 20.277, 132.115
266.694, -606.042, 20.277, 132.148
267.304, -605.750, 20.277, 132.181
267.914, -605.460, 20.277, 132.214
268.526, -605.172, 20.277, 132.247
269.139, -604.887, 20.277, 132.280
269.752, -604.604, 20.277, 132.313
270.367, -604.324, 20.277, 132.346
270.983, -604.046, 20.277, 132.379
271.601, -603.771, 20.277, 132.412
272.219, -603.498, 20.277, 132.445
272.839, -603.228, 20.276, 132.478
273.459, -602.961, 20.276, 132.511
274.081, -602.696, 20.276, 132.544
274.704, -602.433, 20.276, 132.577
275.328, -602.174, 20.276, 132.610
275.953, -601.917, 20.276, 132.643
276.579, -601.663, 20.276, 132.676
277.206, -601.411, 20.276, 132.709
277.835, -601.163, 20.276, 132.742
278.464, -600.917, 20.276, 132.775
279.095, -600.674, 20.276, 132.808
279.727, -600.435, 20.276, 132.841
280.360, -600.198, 20.276, 132.874
280.994, -599.964, 20.276, 132.907
281.629, -599.733, 20.276, 132.940
282.265, -599.505, 20.275, 132.973
282.902, -599.280, 20.275, 133.006
283.541, -599.058, 20.275, 133.039
284.180, -598.839, 20.275, 133.072
284.820, -598.624, 20.275, 133.105
285.462, -598.411, 20.275, 133.138
286.104, -598.202, 20.275, 133.171
286.748, -597.996, 20.275, 133.204
287.393, -597.793, 20.275, 133.237
288.038, -597.594, 20.275, 133.270
288.685, -597.397, 20.275, 133.303
289.333, -597.205, 20.275, 133.336
289.981, -597.015, 20.275, 133.369
290.631, -596.829, 20.275, 133.402
291.281, -596.647, 20.274, 133.435
291.933, -596.467, 20.274, 133.468
292.585, -596.292, 20.274, 133.501
293.239, -596.120, 20.274, 133.534
293.893, -595.951, 20.274, 133.567
294.548, -595.786, 20.274, 133.600
295.205, -595.624, 20.274, 133.633
295.862, -595.466, 20.274, 133.666
296.519, -595.312, 20.274, 133.699
297.178, -595.162, 20.274, 133.732
297.838, -595.015, 20.274, 133.765
298.498, -594.871, 20.274, 133.798
299.159, -594.732, 20.274, 133.831
299.821, -594.596, 20.274, 133.864
300.484, -594.464, 20.274, 133.897
301.147, -594.336, 20.274, 133.930
301.811, -594.211, 20.274, 133.963
302.476, -594.090, 20.274, 133.996
303.142, -593.974, 20.274, 134.029
303.808, -593.861, 20.274, 134.062
304.475, -593.752, 20.274, 134.095
305.142, -593.646, 20.274, 134.128
305.810, -593.545, 20.274, 134.161
306.479, -593.448, 20.274, 134.194
307.148, -593.354, 20.274, 134.227
307.818, -593.265, 20.274, 134.260
308.488, -593.179, 20.274, 134.293
309.159, -593.098, 20.274, 134.326
309.830, -593.020, 20.274, 134.359
310.501, -592.946, 20.274, 134.392
311.173, -592.877, 20.274, 134.425
311.846, -592.812, 20.274, 134.458
312.519, -592.751, 20.273, 134.491
313.192, -592.695, 20.272, 134.524
313.866, -592.643, 20.271, 134.557
314.539, -592.597, 20.269, 134.590
315.214, -592.556, 20.266, 134.623
315.888, -592.521, 20.261, 134.656
316.562, -592.494, 20.254, 134.689
317.236, -592.474, 20.243, 134.722
